id_fecha;fecha;anio;mes;nombre_mes;trimestre;dia;dia_semana;fin_semana
1;26/6/2021;2021;6;June;2;26;Saturday;SI
2;9/2/2023;2023;2;February;1;9;Thursday;NO
3;24/5/2022;2022;5;May;2;24;Tuesday;NO
4;16/4/2021;2021;4;April;2;16;Friday;NO
5;7/1/2024;2024;1;January;1;7;Sunday;SI
6;21/4/2023;2023;4;April;2;21;Friday;NO
7;4/12/2024;2024;12;December;4;4;Wednesday;NO
8;14/3/2022;2022;3;March;1;14;Monday;NO
9;4/3/2023;2023;3;March;1;4;Saturday;SI
10;30/1/2024;2024;1;January;1;30;Tuesday;NO
11;3/6/2021;2021;6;June;2;3;Thursday;NO
12;27/12/2024;2024;12;December;4;27;Friday;NO
13;19/1/2025;2025;1;January;1;19;Sunday;SI
14;6/6/2023;2023;6;June;2;6;Tuesday;NO
15;11/8/2021;2021;8;August;3;11;Wednesday;NO
16;3/5/2024;2024;5;May;2;3;Friday;NO
17;31/3/2025;2025;3;March;1;31;Monday;NO
18;9/7/2022;2022;7;July;3;9;Saturday;SI
19;19/7/2021;2021;7;July;3;19;Monday;NO
20;10/4/2024;2024;4;April;2;10;Wednesday;NO
21;8/3/2025;2025;3;March;1;8;Saturday;SI
22;16/6/2022;2022;6;June;2;16;Thursday;NO
23;14/5/2023;2023;5;May;2;14;Sunday;SI
24;8/1/2021;2021;1;January;1;8;Friday;NO
25;14/1/2021;2021;1;January;1;14;Thursday;NO
26;3/9/2024;2024;9;September;3;3;Tuesday;NO
27;28/7/2023;2023;7;July;3;28;Friday;NO
28;9/11/2022;2022;11;November;4;9;Wednesday;NO
29;18/6/2024;2024;6;June;2;18;Tuesday;NO
30;24/8/2022;2022;8;August;3;24;Wednesday;NO
31;31/1/2021;2021;1;January;1;31;Sunday;SI
32;6/2/2021;2021;2;February;1;6;Saturday;SI
33;5/7/2023;2023;7;July;3;5;Wednesday;NO
34;26/9/2024;2024;9;September;3;26;Thursday;NO
35;26/5/2024;2024;5;May;2;26;Sunday;SI
36;9/9/2021;2021;9;September;3;9;Thursday;NO
37;26/11/2022;2022;11;November;4;26;Saturday;SI
38;2/12/2022;2022;12;December;4;2;Friday;NO
39;1/8/2022;2022;8;August;3;1;Monday;NO
40;3/8/2024;2024;8;August;3;3;Saturday;SI
41;12/6/2023;2023;6;June;2;12;Monday;NO
42;1/3/2021;2021;3;March;1;1;Monday;NO
43;17/8/2021;2021;8;August;3;17;Tuesday;NO
44;9/10/2022;2022;10;October;4;9;Sunday;SI
45;19/10/2024;2024;10;October;4;19;Saturday;SI
46;6/4/2025;2025;4;April;2;6;Sunday;SI
47;25/12/2022;2022;12;December;4;25;Sunday;SI
48;17/1/2023;2023;1;January;1;17;Tuesday;NO
49;16/9/2022;2022;9;September;3;16;Friday;NO
50;25/7/2021;2021;7;July;3;25;Sunday;SI
51;14/3/2025;2025;3;March;1;14;Friday;NO
52;24/3/2021;2021;3;March;1;24;Wednesday;NO
53;11/11/2024;2024;11;November;4;11;Monday;NO
54;11/7/2024;2024;7;July;3;11;Thursday;NO
55;20/5/2023;2023;5;May;2;20;Saturday;SI
56;2/7/2021;2021;7;July;3;2;Friday;NO
57;24/3/2024;2024;3;March;1;24;Sunday;SI
58;19/2/2025;2025;2;February;1;19;Wednesday;NO
59;10/4/2021;2021;4;April;2;10;Saturday;SI
60;28/11/2024;2024;11;November;4;28;Thursday;NO
61;8/3/2022;2022;3;March;1;8;Tuesday;NO
62;26/10/2025;2025;10;October;4;26;Sunday;SI
63;26/8/2024;2024;8;August;3;26;Monday;NO
64;7/5/2022;2022;5;May;2;7;Saturday;SI
65;26/2/2023;2023;2;February;1;26;Sunday;SI
66;4/4/2023;2023;4;April;2;4;Tuesday;NO
67;24/7/2025;2025;7;July;3;24;Thursday;NO
68;24/1/2024;2024;1;January;1;24;Wednesday;NO
69;31/12/2022;2022;12;December;4;31;Saturday;SI
70;23/2/2021;2021;2;February;1;23;Tuesday;NO
71;21/1/2022;2022;1;January;1;21;Friday;NO
72;13/10/2024;2024;10;October;4;13;Sunday;SI
73;17/5/2021;2021;5;May;2;17;Monday;NO
74;22/9/2025;2025;9;September;3;22;Monday;NO
75;7/2/2024;2024;2;February;1;7;Wednesday;NO
76;27/10/2021;2021;10;October;4;27;Wednesday;NO
77;4/1/2025;2025;1;January;1;4;Saturday;SI
78;11/1/2023;2023;1;January;1;11;Wednesday;NO
79;11/8/2024;2024;8;August;3;11;Sunday;SI
80;17/2/2023;2023;2;February;1;17;Friday;NO
81;9/12/2023;2023;12;December;4;9;Saturday;SI
82;17/11/2024;2024;11;November;4;17;Sunday;SI
83;14/9/2023;2023;9;September;3;14;Thursday;NO
84;22/3/2022;2022;3;March;1;22;Tuesday;NO
85;12/12/2021;2021;12;December;4;12;Sunday;SI
86;28/2/2025;2025;2;February;1;28;Friday;NO
87;16/7/2023;2023;7;July;3;16;Sunday;SI
88;22/7/2023;2023;7;July;3;22;Saturday;SI
89;1/4/2021;2021;4;April;2;1;Thursday;NO
90;15/11/2022;2022;11;November;4;15;Tuesday;NO
91;24/6/2024;2024;6;June;2;24;Monday;NO
92;12/2/2021;2021;2;February;1;12;Friday;NO
93;30/10/2023;2023;10;October;4;30;Monday;NO
94;2/10/2024;2024;10;October;4;2;Wednesday;NO
95;28/8/2021;2021;8;August;3;28;Saturday;SI
96;3/9/2021;2021;9;September;3;3;Friday;NO
97;23/4/2025;2025;4;April;2;23;Wednesday;NO
98;7/8/2022;2022;8;August;3;7;Sunday;SI
99;13/1/2025;2025;1;January;1;13;Monday;NO
100;30/9/2022;2022;9;September;3;30;Friday;NO
101;9/5/2024;2024;5;May;2;9;Thursday;NO
102;27/1/2022;2022;1;January;1;27;Thursday;NO
103;6/9/2023;2023;9;September;3;6;Wednesday;NO
104;26/5/2021;2021;5;May;2;26;Wednesday;NO
105;16/9/2025;2025;9;September;3;16;Tuesday;NO
106;17/8/2024;2024;8;August;3;17;Saturday;SI
107;15/12/2023;2023;12;December;4;15;Friday;NO
108;22/6/2022;2022;6;June;2;22;Wednesday;NO
109;8/6/2025;2025;6;June;2;8;Sunday;SI
110;13/4/2023;2023;4;April;2;13;Thursday;NO
111;19/10/2021;2021;10;October;4;19;Tuesday;NO
112;8/7/2021;2021;7;July;3;8;Thursday;NO
113;21/12/2021;2021;12;December;4;21;Tuesday;NO
114;12/9/2024;2024;9;September;3;12;Thursday;NO
115;13/7/2023;2023;7;July;3;13;Thursday;NO
116;26/12/2023;2023;12;December;4;26;Tuesday;NO
117;2/3/2022;2022;3;March;1;2;Wednesday;NO
118;3/5/2023;2023;5;May;2;3;Wednesday;NO
119;15/8/2022;2022;8;August;3;15;Monday;NO
120;2/2/2025;2025;2;February;1;2;Sunday;SI
121;28/11/2021;2021;11;November;4;28;Sunday;SI
122;13/5/2022;2022;5;May;2;13;Friday;NO
123;20/2/2023;2023;2;February;1;20;Monday;NO
124;5/8/2023;2023;8;August;3;5;Saturday;SI
125;10/4/2023;2023;4;April;2;10;Monday;NO
126;10/10/2021;2021;10;October;4;10;Sunday;SI
127;15/12/2024;2024;12;December;4;15;Sunday;SI
128;23/9/2023;2023;9;September;3;23;Saturday;SI
129;25/3/2022;2022;3;March;1;25;Friday;NO
130;3/10/2022;2022;10;October;4;3;Monday;NO
131;15/3/2023;2023;3;March;1;15;Wednesday;NO
132;12/4/2025;2025;4;April;2;12;Saturday;SI
133;31/8/2023;2023;8;August;3;31;Thursday;NO
134;25/6/2025;2025;6;June;2;25;Wednesday;NO
135;20/5/2021;2021;5;May;2;20;Thursday;NO
136;5/12/2025;2025;12;December;4;5;Friday;NO
137;4/3/2024;2024;3;March;1;4;Monday;NO
138;10/9/2022;2022;9;September;3;10;Saturday;SI
139;22/4/2024;2024;4;April;2;22;Monday;NO
140;2/6/2025;2025;6;June;2;2;Monday;NO
141;5/7/2024;2024;7;July;3;5;Friday;NO
142;12/6/2021;2021;6;June;2;12;Saturday;SI
143;28/12/2025;2025;12;December;4;28;Sunday;SI
144;19/10/2023;2023;10;October;4;19;Thursday;NO
145;2/4/2024;2024;4;April;2;2;Tuesday;NO
146;22/2/2025;2025;2;February;1;22;Saturday;SI
147;12/6/2024;2024;6;June;2;12;Wednesday;NO
148;13/8/2025;2025;8;August;3;13;Wednesday;NO
149;23/10/2025;2025;10;October;4;23;Thursday;NO
150;13/10/2023;2023;10;October;4;13;Friday;NO
151;5/11/2023;2023;11;November;4;5;Sunday;SI
152;10/1/2022;2022;1;January;1;10;Monday;NO
153;17/3/2025;2025;3;March;1;17;Monday;NO
154;10/2/2022;2022;2;February;1;10;Thursday;NO
155;23/5/2023;2023;5;May;2;23;Tuesday;NO
156;20/4/2022;2022;4;April;2;20;Wednesday;NO
157;15/6/2023;2023;6;June;2;15;Thursday;NO
158;3/7/2022;2022;7;July;3;3;Sunday;SI
159;25/8/2023;2023;8;August;3;25;Friday;NO
160;25/9/2025;2025;9;September;3;25;Thursday;NO
161;13/2/2024;2024;2;February;1;13;Tuesday;NO
162;2/11/2021;2021;11;November;4;2;Tuesday;NO
163;10/3/2024;2024;3;March;1;10;Sunday;SI
164;15/7/2025;2025;7;July;3;15;Tuesday;NO
165;21/1/2024;2024;1;January;1;21;Sunday;SI
166;2/9/2025;2025;9;September;3;2;Tuesday;NO
167;15/11/2025;2025;11;November;4;15;Saturday;SI
168;6/9/2024;2024;9;September;3;6;Friday;NO
169;1/1/2024;2024;1;January;1;1;Monday;NO
170;13/5/2025;2025;5;May;2;13;Tuesday;NO
171;27/4/2023;2023;4;April;2;27;Thursday;NO
172;27/1/2025;2025;1;January;1;27;Monday;NO
173;22/11/2021;2021;11;November;4;22;Monday;NO
174;8/2/2025;2025;2;February;1;8;Saturday;SI
175;11/8/2023;2023;8;August;3;11;Friday;NO
176;21/12/2024;2024;12;December;4;21;Saturday;SI
177;31/3/2022;2022;3;March;1;31;Thursday;NO
178;14/4/2022;2022;4;April;2;14;Thursday;NO
179;4/3/2021;2021;3;March;1;4;Thursday;NO
180;25/11/2023;2023;11;November;4;25;Saturday;SI
181;19/2/2024;2024;2;February;1;19;Monday;NO
182;31/7/2024;2024;7;July;3;31;Wednesday;NO
183;19/12/2022;2022;12;December;4;19;Monday;NO
184;8/11/2021;2021;11;November;4;8;Monday;NO
185;18/3/2021;2021;3;March;1;18;Thursday;NO
186;17/10/2022;2022;10;October;4;17;Monday;NO
187;29/10/2022;2022;10;October;4;29;Saturday;SI
188;24/4/2021;2021;4;April;2;24;Saturday;SI
189;6/5/2021;2021;5;May;2;6;Thursday;NO
190;27/8/2025;2025;8;August;3;27;Wednesday;NO
191;5/12/2022;2022;12;December;4;5;Monday;NO
192;15/10/2025;2025;10;October;4;15;Wednesday;NO
193;21/11/2025;2025;11;November;4;21;Friday;NO
194;31/1/2023;2023;1;January;1;31;Tuesday;NO
195;27/5/2022;2022;5;May;2;27;Friday;NO
196;2/6/2022;2022;6;June;2;2;Thursday;NO
197;20/9/2021;2021;9;September;3;20;Monday;NO
198;26/9/2021;2021;9;September;3;26;Sunday;SI
199;7/10/2023;2023;10;October;4;7;Saturday;SI
200;23/6/2023;2023;6;June;2;23;Friday;NO
201;29/6/2023;2023;6;June;2;29;Thursday;NO
202;29/12/2021;2021;12;December;4;29;Wednesday;NO
203;4/1/2022;2022;1;January;1;4;Tuesday;NO
204;16/2/2022;2022;2;February;1;16;Wednesday;NO
205;22/2/2022;2022;2;February;1;22;Tuesday;NO
206;11/5/2023;2023;5;May;2;11;Thursday;NO
207;8/8/2021;2021;8;August;3;8;Sunday;SI
208;19/11/2023;2023;11;November;4;19;Sunday;SI
209;21/3/2023;2023;3;March;1;21;Tuesday;NO
210;15/7/2022;2022;7;July;3;15;Friday;NO
211;1/7/2025;2025;7;July;3;1;Tuesday;NO
212;25/7/2024;2024;7;July;3;25;Thursday;NO
213;4/9/2022;2022;9;September;3;4;Sunday;SI
214;12/3/2021;2021;3;March;1;12;Friday;NO
215;16/4/2024;2024;4;April;2;16;Tuesday;NO
216;23/10/2022;2022;10;October;4;23;Sunday;SI
217;4/6/2024;2024;6;June;2;4;Tuesday;NO
218;30/4/2021;2021;4;April;2;30;Friday;NO
219;11/12/2022;2022;12;December;4;11;Sunday;SI
220;18/6/2021;2021;6;June;2;18;Friday;NO
221;27/2/2024;2024;2;February;1;27;Tuesday;NO
222;11/1/2021;2021;1;January;1;11;Monday;NO
223;9/12/2021;2021;12;December;4;9;Thursday;NO
224;25/7/2023;2023;7;July;3;25;Tuesday;NO
225;6/11/2022;2022;11;November;4;6;Sunday;SI
226;29/9/2021;2021;9;September;3;29;Wednesday;NO
227;21/6/2024;2024;6;June;2;21;Friday;NO
228;4/10/2023;2023;10;October;4;4;Wednesday;NO
229;27/8/2022;2022;8;August;3;27;Saturday;SI
230;17/8/2023;2023;8;August;3;17;Thursday;NO
231;11/6/2025;2025;6;June;2;11;Wednesday;NO
232;14/7/2024;2024;7;July;3;14;Sunday;SI
233;16/11/2021;2021;11;November;4;16;Tuesday;NO
234;9/6/2023;2023;6;June;2;9;Friday;NO
235;14/8/2021;2021;8;August;3;14;Saturday;SI
236;6/5/2024;2024;5;May;2;6;Monday;NO
237;3/4/2025;2025;4;April;2;3;Thursday;NO
238;12/7/2022;2022;7;July;3;12;Tuesday;NO
239;2/7/2023;2023;7;July;3;2;Sunday;SI
240;26/4/2025;2025;4;April;2;26;Saturday;SI
241;6/9/2021;2021;9;September;3;6;Monday;NO
242;29/5/2024;2024;5;May;2;29;Wednesday;NO
243;4/8/2022;2022;8;August;3;4;Thursday;NO
244;29/6/2021;2021;6;June;2;29;Tuesday;NO
245;16/2/2025;2025;2;February;1;16;Sunday;SI
246;6/2/2023;2023;2;February;1;6;Monday;NO
247;13/4/2021;2021;4;April;2;13;Tuesday;NO
248;1/12/2024;2024;12;December;4;1;Sunday;SI
249;24/4/2023;2023;4;April;2;24;Monday;NO
250;7/12/2024;2024;12;December;4;7;Saturday;SI
251;14/1/2023;2023;1;January;1;14;Saturday;SI
252;20/1/2023;2023;1;January;1;20;Friday;NO
253;22/7/2021;2021;7;July;3;22;Thursday;NO
254;21/3/2021;2021;3;March;1;21;Sunday;SI
255;11/3/2025;2025;3;March;1;11;Tuesday;NO
256;13/6/2022;2022;6;June;2;13;Monday;NO
257;8/11/2024;2024;11;November;4;8;Friday;NO
258;14/11/2024;2024;11;November;4;14;Thursday;NO
259;17/5/2023;2023;5;May;2;17;Wednesday;NO
260;26/2/2021;2021;2;February;1;26;Friday;NO
261;30/4/2024;2024;4;April;2;30;Tuesday;NO
262;16/10/2024;2024;10;October;4;16;Wednesday;NO
263;6/7/2022;2022;7;July;3;6;Wednesday;NO
264;14/5/2021;2021;5;May;2;14;Friday;NO
265;22/12/2022;2022;12;December;4;22;Thursday;NO
266;3/2/2021;2021;2;February;1;3;Wednesday;NO
267;23/9/2024;2024;9;September;3;23;Monday;NO
268;23/5/2024;2024;5;May;2;23;Thursday;NO
269;1/4/2023;2023;4;April;2;1;Saturday;SI
270;29/7/2022;2022;7;July;3;29;Friday;NO
271;29/11/2022;2022;11;November;4;29;Tuesday;NO
272;6/6/2021;2021;6;June;2;6;Sunday;SI
273;15/12/2021;2021;12;December;4;15;Wednesday;NO
274;19/7/2023;2023;7;July;3;19;Wednesday;NO
275;12/11/2022;2022;11;November;4;12;Saturday;SI
276;4/8/2025;2025;8;August;3;4;Monday;NO
277;21/8/2022;2022;8;August;3;21;Sunday;SI
278;14/8/2024;2024;8;August;3;14;Wednesday;NO
279;5/6/2025;2025;6;June;2;5;Thursday;NO
280;16/10/2021;2021;10;October;4;16;Saturday;SI
281;8/7/2024;2024;7;July;3;8;Monday;NO
282;17/9/2023;2023;9;September;3;17;Sunday;SI
283;16/1/2025;2025;1;January;1;16;Thursday;NO
284;28/12/2022;2022;12;December;4;28;Wednesday;NO
285;26/4/2022;2022;4;April;2;26;Tuesday;NO
286;20/2/2021;2021;2;February;1;20;Saturday;SI
287;6/10/2022;2022;10;October;4;6;Thursday;NO
288;18/1/2022;2022;1;January;1;18;Tuesday;NO
289;30/1/2022;2022;1;January;1;30;Sunday;SI
290;3/9/2023;2023;9;September;3;3;Sunday;SI
291;19/9/2025;2025;9;September;3;19;Friday;NO
292;14/12/2025;2025;12;December;4;14;Sunday;SI
293;1/12/2021;2021;12;December;4;1;Wednesday;NO
294;9/2/2021;2021;2;February;1;9;Tuesday;NO
295;23/8/2024;2024;8;August;3;23;Friday;NO
296;2/11/2023;2023;11;November;4;2;Thursday;NO
297;29/9/2024;2024;9;September;3;29;Sunday;SI
298;1/3/2023;2023;3;March;1;1;Wednesday;NO
299;21/7/2025;2025;7;July;3;21;Monday;NO
300;27/1/2024;2024;1;January;1;27;Saturday;SI
301;21/3/2024;2024;3;March;1;21;Thursday;NO
302;27/3/2024;2024;3;March;1;27;Wednesday;NO
303;7/4/2021;2021;4;April;2;7;Wednesday;NO
304;25/11/2024;2024;11;November;4;25;Monday;NO
305;11/3/2022;2022;3;March;1;11;Friday;NO
306;8/1/2023;2023;1;January;1;8;Sunday;SI
307;16/7/2021;2021;7;July;3;16;Friday;NO
308;12/12/2023;2023;12;December;4;12;Tuesday;NO
309;18/12/2023;2023;12;December;4;18;Monday;NO
310;19/6/2022;2022;6;June;2;19;Sunday;SI
311;25/6/2022;2022;6;June;2;25;Saturday;SI
312;3/6/2023;2023;6;June;2;3;Saturday;SI
313;27/9/2022;2022;9;September;3;27;Tuesday;NO
314;12/5/2024;2024;5;May;2;12;Sunday;SI
315;24/1/2022;2022;1;January;1;24;Monday;NO
316;23/5/2021;2021;5;May;2;23;Sunday;SI
317;10/1/2025;2025;1;January;1;10;Friday;NO
318;4/5/2022;2022;5;May;2;4;Wednesday;NO
319;27/10/2023;2023;10;October;4;27;Friday;NO
320;23/2/2023;2023;2;February;1;23;Thursday;NO
321;5/10/2024;2024;10;October;4;5;Saturday;SI
322;31/8/2021;2021;8;August;3;31;Tuesday;NO
323;20/4/2025;2025;4;April;2;20;Sunday;SI
324;23/1/2021;2021;1;January;1;23;Saturday;SI
325;16/10/2023;2023;10;October;4;16;Monday;NO
326;28/1/2023;2023;1;January;1;28;Saturday;SI
327;30/3/2024;2024;3;March;1;30;Saturday;SI
328;25/2/2025;2025;2;February;1;25;Tuesday;NO
329;5/6/2022;2022;6;June;2;5;Sunday;SI
330;4/4/2021;2021;4;April;2;4;Sunday;SI
331;17/9/2021;2021;9;September;3;17;Friday;NO
332;18/11/2022;2022;11;November;4;18;Friday;NO
333;10/8/2025;2025;8;August;3;10;Sunday;SI
334;7/9/2022;2022;9;September;3;7;Wednesday;NO
335;7/3/2024;2024;3;March;1;7;Thursday;NO
336;20/8/2024;2024;8;August;3;20;Tuesday;NO
337;26/10/2022;2022;10;October;4;26;Wednesday;NO
338;30/5/2025;2025;5;May;2;30;Friday;NO
339;27/4/2021;2021;4;April;2;27;Tuesday;NO
340;18/1/2024;2024;1;January;1;18;Thursday;NO
341;2/7/2024;2024;7;July;3;2;Tuesday;NO
342;15/6/2021;2021;6;June;2;15;Tuesday;NO
343;17/4/2022;2022;4;April;2;17;Sunday;SI
344;10/2/2024;2024;2;February;1;10;Saturday;SI
345;5/11/2021;2021;11;November;4;5;Friday;NO
346;7/1/2025;2025;1;January;1;7;Tuesday;NO
347;28/7/2024;2024;7;July;3;28;Sunday;SI
348;30/1/2025;2025;1;January;1;30;Thursday;NO
349;26/5/2023;2023;5;May;2;26;Friday;NO
350;10/5/2022;2022;5;May;2;10;Tuesday;NO
351;25/8/2021;2021;8;August;3;25;Wednesday;NO
352;20/3/2025;2025;3;March;1;20;Thursday;NO
353;8/8/2023;2023;8;August;3;8;Tuesday;NO
354;7/4/2023;2023;4;April;2;7;Friday;NO
355;13/10/2021;2021;10;October;4;13;Wednesday;NO
356;5/7/2021;2021;7;July;3;5;Monday;NO
357;18/12/2021;2021;12;December;4;18;Saturday;SI
358;29/12/2023;2023;12;December;4;29;Friday;NO
359;30/4/2023;2023;4;April;2;30;Sunday;SI
360;5/3/2022;2022;3;March;1;5;Saturday;SI
361;18/8/2022;2022;8;August;3;18;Thursday;NO
362;28/7/2021;2021;7;July;3;28;Wednesday;NO
363;6/12/2023;2023;12;December;4;6;Wednesday;NO
364;20/5/2024;2024;5;May;2;20;Monday;NO
365;26/7/2022;2022;7;July;3;26;Tuesday;NO
366;30/8/2025;2025;8;August;3;30;Saturday;SI
367;5/9/2025;2025;9;September;3;5;Friday;NO
368;23/4/2022;2022;4;April;2;23;Saturday;SI
369;9/4/2025;2025;4;April;2;9;Wednesday;NO
370;22/6/2025;2025;6;June;2;22;Sunday;SI
371;28/8/2023;2023;8;August;3;28;Monday;NO
372;16/2/2024;2024;2;February;1;16;Friday;NO
373;30/10/2021;2021;10;October;4;30;Saturday;SI
374;8/12/2025;2025;12;December;4;8;Monday;NO
375;25/11/2021;2021;11;November;4;25;Thursday;NO
376;8/11/2023;2023;11;November;4;8;Wednesday;NO
377;16/5/2022;2022;5;May;2;16;Monday;NO
378;7/10/2021;2021;10;October;4;7;Thursday;NO
379;20/9/2023;2023;9;September;3;20;Wednesday;NO
380;28/3/2022;2022;3;March;1;28;Monday;NO
381;17/1/2021;2021;1;January;1;17;Sunday;SI
382;3/2/2023;2023;2;February;1;3;Friday;NO
383;30/5/2022;2022;5;May;2;30;Monday;NO
384;23/9/2021;2021;9;September;3;23;Thursday;NO
385;15/6/2024;2024;6;June;2;15;Saturday;SI
386;10/10/2023;2023;10;October;4;10;Tuesday;NO
387;13/9/2022;2022;9;September;3;13;Tuesday;NO
388;20/10/2022;2022;10;October;4;20;Thursday;NO
389;3/5/2021;2021;5;May;2;3;Monday;NO
390;12/7/2025;2025;7;July;3;12;Saturday;SI
391;9/6/2021;2021;6;June;2;9;Wednesday;NO
392;1/3/2024;2024;3;March;1;1;Friday;NO
393;16/11/2023;2023;11;November;4;16;Thursday;NO
394;28/11/2023;2023;11;November;4;28;Tuesday;NO
395;12/3/2023;2023;3;March;1;12;Sunday;SI
396;22/10/2024;2024;10;October;4;22;Tuesday;NO
397;24/3/2023;2023;3;March;1;24;Friday;NO
398;28/6/2025;2025;6;June;2;28;Saturday;SI
399;3/4/2022;2022;4;April;2;3;Sunday;SI
400;19/11/2021;2021;11;November;4;19;Friday;NO
401;7/1/2022;2022;1;January;1;7;Friday;NO
402;5/11/2024;2024;11;November;4;5;Tuesday;NO
403;13/2/2022;2022;2;February;1;13;Sunday;SI
404;26/9/2023;2023;9;September;3;26;Tuesday;NO
405;24/12/2024;2024;12;December;4;24;Tuesday;NO
406;15/9/2024;2024;9;September;3;15;Sunday;SI
407;4/1/2024;2024;1;January;1;4;Thursday;NO
408;10/5/2025;2025;5;May;2;10;Saturday;SI
409;16/5/2025;2025;5;May;2;16;Friday;NO
410;10/1/2024;2024;1;January;1;10;Wednesday;NO
411;13/4/2024;2024;4;April;2;13;Saturday;SI
412;19/4/2024;2024;4;April;2;19;Friday;NO
413;15/3/2021;2021;3;March;1;15;Monday;NO
414;1/6/2024;2024;6;June;2;1;Saturday;SI
415;24/8/2025;2025;8;August;3;24;Sunday;SI
416;6/10/2025;2025;10;October;4;6;Monday;NO
417;8/12/2022;2022;12;December;4;8;Thursday;NO
418;12/10/2025;2025;10;October;4;12;Sunday;SI
419;11/4/2022;2022;4;April;2;11;Monday;NO
420;5/8/2021;2021;8;August;3;5;Thursday;NO
421;22/11/2023;2023;11;November;4;22;Wednesday;NO
422;18/3/2023;2023;3;March;1;18;Saturday;SI
423;4/7/2025;2025;7;July;3;4;Friday;NO
424;18/7/2022;2022;7;July;3;18;Monday;NO
425;22/7/2024;2024;7;July;3;22;Monday;NO
426;5/2/2025;2025;2;February;1;5;Wednesday;NO
427;26/6/2023;2023;6;June;2;26;Monday;NO
428;1/1/2022;2022;1;January;1;1;Saturday;SI
429;14/8/2023;2023;8;August;3;14;Monday;NO
430;19/2/2022;2022;2;February;1;19;Saturday;SI
431;18/12/2024;2024;12;December;4;18;Wednesday;NO
432;4/2/2021;2021;2;February;1;4;Thursday;NO
433;28/10/2023;2023;10;October;4;28;Saturday;SI
434;2/1/2022;2022;1;January;1;2;Sunday;SI
435;24/9/2024;2024;9;September;3;24;Tuesday;NO
436;22/8/2025;2025;8;August;3;22;Friday;NO
437;30/11/2022;2022;11;November;4;30;Wednesday;NO
438;12/1/2021;2021;1;January;1;12;Tuesday;NO
439;10/12/2021;2021;12;December;4;10;Friday;NO
440;1/9/2024;2024;9;September;3;1;Sunday;SI
441;7/11/2022;2022;11;November;4;7;Monday;NO
442;9/5/2021;2021;5;May;2;9;Sunday;SI
443;5/10/2023;2023;10;October;4;5;Thursday;NO
444;9/8/2024;2024;8;August;3;9;Friday;NO
445;29/4/2022;2022;4;April;2;29;Friday;NO
446;15/10/2022;2022;10;October;4;15;Saturday;SI
447;27/3/2023;2023;3;March;1;27;Monday;NO
448;27/4/2025;2025;4;April;2;27;Sunday;SI
449;12/9/2023;2023;9;September;3;12;Tuesday;NO
450;1/6/2021;2021;6;June;2;1;Tuesday;NO
451;17/11/2021;2021;11;November;4;17;Wednesday;NO
452;22/2/2024;2024;2;February;1;22;Thursday;NO
453;24/6/2021;2021;6;June;2;24;Thursday;NO
454;16/3/2024;2024;3;March;1;16;Saturday;SI
455;11/2/2025;2025;2;February;1;11;Tuesday;NO
456;22/9/2022;2022;9;September;3;22;Thursday;NO
457;22/5/2022;2022;5;May;2;22;Sunday;SI
458;20/8/2023;2023;8;August;3;20;Sunday;SI
459;19/4/2023;2023;4;April;2;19;Wednesday;NO
460;17/7/2024;2024;7;July;3;17;Wednesday;NO
461;25/10/2021;2021;10;October;4;25;Monday;NO
462;23/7/2021;2021;7;July;3;23;Friday;NO
463;8/4/2024;2024;4;April;2;8;Monday;NO
464;12/3/2025;2025;3;March;1;12;Wednesday;NO
465;14/6/2022;2022;6;June;2;14;Tuesday;NO
466;2/10/2021;2021;10;October;4;2;Saturday;SI
467;18/5/2023;2023;5;May;2;18;Thursday;NO
468;10/6/2023;2023;6;June;2;10;Saturday;SI
469;1/5/2024;2024;5;May;2;1;Wednesday;NO
470;4/4/2025;2025;4;April;2;4;Friday;NO
471;7/7/2022;2022;7;July;3;7;Thursday;NO
472;2/12/2024;2024;12;December;4;2;Monday;NO
473;25/1/2025;2025;1;January;1;25;Saturday;SI
474;15/1/2023;2023;1;January;1;15;Sunday;SI
475;24/5/2024;2024;5;May;2;24;Friday;NO
476;2/4/2023;2023;4;April;2;2;Sunday;SI
477;9/11/2024;2024;11;November;4;9;Saturday;SI
478;30/7/2022;2022;7;July;3;30;Saturday;SI
479;7/6/2021;2021;6;June;2;7;Monday;NO
480;30/6/2021;2021;6;June;2;30;Wednesday;NO
481;17/2/2025;2025;2;February;1;17;Monday;NO
482;27/2/2021;2021;2;February;1;27;Saturday;SI
483;17/10/2024;2024;10;October;4;17;Thursday;NO
484;16/6/2024;2024;6;June;2;16;Sunday;SI
485;25/4/2023;2023;4;April;2;25;Tuesday;NO
486;23/12/2022;2022;12;December;4;23;Friday;NO
487;22/8/2022;2022;8;August;3;22;Monday;NO
488;22/10/2023;2023;10;October;4;22;Sunday;SI
489;3/11/2023;2023;11;November;4;3;Friday;NO
490;15/2/2023;2023;2;February;1;15;Wednesday;NO
491;30/9/2024;2024;9;September;3;30;Monday;NO
492;6/6/2025;2025;6;June;2;6;Friday;NO
493;24/11/2022;2022;11;November;4;24;Thursday;NO
494;9/7/2024;2024;7;July;3;9;Tuesday;NO
495;20/3/2022;2022;3;March;1;20;Sunday;SI
496;7/11/2025;2025;11;November;4;7;Friday;NO
497;6/1/2021;2021;1;January;1;6;Wednesday;NO
498;4/12/2021;2021;12;December;4;4;Saturday;SI
499;16/12/2021;2021;12;December;4;16;Thursday;NO
500;13/11/2022;2022;11;November;4;13;Sunday;SI
501;15/5/2021;2021;5;May;2;15;Saturday;SI
502;5/8/2025;2025;8;August;3;5;Tuesday;NO
503;5/2/2024;2024;2;February;1;5;Monday;NO
504;2/1/2025;2025;1;January;1;2;Thursday;NO
505;7/12/2023;2023;12;December;4;7;Thursday;NO
506;2/2/2022;2022;2;February;1;2;Wednesday;NO
507;21/2/2021;2021;2;February;1;21;Sunday;SI
508;19/1/2022;2022;1;January;1;19;Wednesday;NO
509;30/3/2021;2021;3;March;1;30;Tuesday;NO
510;11/10/2024;2024;10;October;4;11;Friday;NO
511;21/12/2023;2023;12;December;4;21;Thursday;NO
512;8/9/2025;2025;9;September;3;8;Monday;NO
513;20/9/2025;2025;9;September;3;20;Saturday;SI
514;11/7/2021;2021;7;July;3;11;Sunday;SI
515;17/7/2021;2021;7;July;3;17;Saturday;SI
516;24/2/2023;2023;2;February;1;24;Friday;NO
517;6/3/2025;2025;3;March;1;6;Thursday;NO
518;20/6/2022;2022;6;June;2;20;Monday;NO
519;30/6/2024;2024;6;June;2;30;Sunday;SI
520;29/5/2023;2023;5;May;2;29;Monday;NO
521;4/6/2023;2023;6;June;2;4;Sunday;SI
522;7/5/2024;2024;5;May;2;7;Tuesday;NO
523;8/4/2021;2021;4;April;2;8;Thursday;NO
524;26/11/2024;2024;11;November;4;26;Tuesday;NO
525;13/8/2022;2022;8;August;3;13;Saturday;SI
526;30/10/2025;2025;10;October;4;30;Thursday;NO
527;15/8/2024;2024;8;August;3;15;Thursday;NO
528;5/5/2022;2022;5;May;2;5;Thursday;NO
529;1/9/2021;2021;9;September;3;1;Wednesday;NO
530;13/12/2023;2023;12;December;4;13;Wednesday;NO
531;21/4/2025;2025;4;April;2;21;Monday;NO
532;11/1/2025;2025;1;January;1;11;Saturday;SI
533;22/3/2024;2024;3;March;1;22;Friday;NO
534;28/9/2022;2022;9;September;3;28;Wednesday;NO
535;20/7/2023;2023;7;July;3;20;Thursday;NO
536;25/1/2022;2022;1;January;1;25;Tuesday;NO
537;14/9/2025;2025;9;September;3;14;Sunday;SI
538;8/9/2022;2022;9;September;3;8;Thursday;NO
539;31/5/2025;2025;5;May;2;31;Saturday;SI
540;28/4/2021;2021;4;April;2;28;Wednesday;NO
541;19/1/2024;2024;1;January;1;19;Friday;NO
542;3/7/2024;2024;7;July;3;3;Wednesday;NO
543;13/11/2025;2025;11;November;4;13;Thursday;NO
544;18/4/2022;2022;4;April;2;18;Monday;NO
545;1/10/2022;2022;10;October;4;1;Saturday;SI
546;23/6/2025;2025;6;June;2;23;Monday;NO
547;29/8/2023;2023;8;August;3;29;Tuesday;NO
548;11/2/2024;2024;2;February;1;11;Sunday;SI
549;8/1/2025;2025;1;January;1;8;Wednesday;NO
550;31/1/2025;2025;1;January;1;31;Friday;NO
551;21/8/2024;2024;8;August;3;21;Wednesday;NO
552;21/6/2023;2023;6;June;2;21;Wednesday;NO
553;11/5/2022;2022;5;May;2;11;Wednesday;NO
554;26/8/2021;2021;8;August;3;26;Thursday;NO
555;15/5/2024;2024;5;May;2;15;Wednesday;NO
556;8/4/2023;2023;4;April;2;8;Saturday;SI
557;19/7/2025;2025;7;July;3;19;Saturday;SI
558;21/7/2022;2022;7;July;3;21;Thursday;NO
559;31/7/2021;2021;7;July;3;31;Saturday;SI
560;18/9/2021;2021;9;September;3;18;Saturday;SI
561;10/6/2024;2024;6;June;2;10;Monday;NO
562;29/7/2024;2024;7;July;3;29;Monday;NO
563;8/6/2022;2022;6;June;2;8;Wednesday;NO
564;3/8/2023;2023;8;August;3;3;Thursday;NO
565;8/10/2021;2021;10;October;4;8;Friday;NO
566;23/3/2022;2022;3;March;1;23;Wednesday;NO
567;29/3/2022;2022;3;March;1;29;Tuesday;NO
568;11/11/2023;2023;11;November;4;11;Saturday;SI
569;11/7/2023;2023;7;July;3;11;Tuesday;NO
570;16/1/2022;2022;1;January;1;16;Sunday;SI
571;1/7/2022;2022;7;July;3;1;Friday;NO
572;24/12/2023;2023;12;December;4;24;Sunday;SI
573;30/12/2023;2023;12;December;4;30;Saturday;SI
574;28/2/2022;2022;2;February;1;28;Monday;NO
575;6/3/2022;2022;3;March;1;6;Sunday;SI
576;19/8/2022;2022;8;August;3;19;Friday;NO
577;26/11/2021;2021;11;November;4;26;Friday;NO
578;20/8/2021;2021;8;August;3;20;Friday;NO
579;1/12/2023;2023;12;December;4;1;Friday;NO
580;21/5/2024;2024;5;May;2;21;Tuesday;NO
581;8/2/2022;2022;2;February;1;8;Tuesday;NO
582;13/7/2025;2025;7;July;3;13;Sunday;SI
583;27/7/2022;2022;7;July;3;27;Wednesday;NO
584;21/9/2023;2023;9;September;3;21;Thursday;NO
585;28/4/2024;2024;4;April;2;28;Sunday;SI
586;12/9/2021;2021;9;September;3;12;Sunday;SI
587;31/10/2021;2021;10;October;4;31;Sunday;SI
588;21/10/2025;2025;10;October;4;21;Tuesday;NO
589;9/12/2025;2025;12;December;4;9;Tuesday;NO
590;2/9/2022;2022;9;September;3;2;Friday;NO
591;27/12/2021;2021;12;December;4;27;Monday;NO
592;18/9/2024;2024;9;September;3;18;Wednesday;NO
593;15/3/2025;2025;3;March;1;15;Saturday;SI
594;25/5/2025;2025;5;May;2;25;Sunday;SI
595;22/4/2021;2021;4;April;2;22;Thursday;NO
596;13/1/2024;2024;1;January;1;13;Saturday;SI
597;9/5/2023;2023;5;May;2;9;Tuesday;NO
598;19/11/2025;2025;11;November;4;19;Wednesday;NO
599;18/1/2021;2021;1;January;1;18;Monday;NO
600;12/4/2022;2022;4;April;2;12;Tuesday;NO
601;19/5/2022;2022;5;May;2;19;Thursday;NO
602;31/5/2022;2022;5;May;2;31;Tuesday;NO
603;23/8/2023;2023;8;August;3;23;Wednesday;NO
604;29/6/2025;2025;6;June;2;29;Sunday;SI
605;29/9/2023;2023;9;September;3;29;Friday;NO
606;11/10/2023;2023;10;October;4;11;Wednesday;NO
607;20/11/2021;2021;11;November;4;20;Saturday;SI
608;16/3/2021;2021;3;March;1;16;Tuesday;NO
609;6/11/2024;2024;11;November;4;6;Wednesday;NO
610;14/2/2022;2022;2;February;1;14;Monday;NO
611;1/10/2025;2025;10;October;4;1;Wednesday;NO
612;10/6/2021;2021;6;June;2;10;Thursday;NO
613;2/3/2024;2024;3;March;1;2;Saturday;SI
614;23/1/2023;2023;1;January;1;23;Monday;NO
615;4/2/2023;2023;2;February;1;4;Saturday;SI
616;13/3/2023;2023;3;March;1;13;Monday;NO
617;17/12/2022;2022;12;December;4;17;Saturday;SI
618;26/1/2021;2021;1;January;1;26;Tuesday;NO
619;14/4/2024;2024;4;April;2;14;Sunday;SI
620;9/8/2023;2023;8;August;3;9;Wednesday;NO
621;19/8/2025;2025;8;August;3;19;Tuesday;NO
622;13/12/2024;2024;12;December;4;13;Friday;NO
623;19/12/2024;2024;12;December;4;19;Thursday;NO
624;25/8/2025;2025;8;August;3;25;Monday;NO
625;17/11/2023;2023;11;November;4;17;Friday;NO
626;23/3/2025;2025;3;March;1;23;Sunday;SI
627;23/11/2023;2023;11;November;4;23;Thursday;NO
628;29/3/2025;2025;3;March;1;29;Saturday;SI
629;17/5/2025;2025;5;May;2;17;Saturday;SI
630;13/7/2022;2022;7;July;3;13;Wednesday;NO
631;5/1/2024;2024;1;January;1;5;Friday;NO
632;27/6/2023;2023;6;June;2;27;Tuesday;NO
633;10/3/2021;2021;3;March;1;10;Wednesday;NO
634;21/10/2022;2022;10;October;4;21;Friday;NO
635;31/10/2024;2024;10;October;4;31;Thursday;NO
636;7/10/2025;2025;10;October;4;7;Tuesday;NO
637;14/11/2021;2021;11;November;4;14;Sunday;SI
638;25/2/2024;2024;2;February;1;25;Sunday;SI
639;29/1/2023;2023;1;January;1;29;Sunday;SI
640;10/9/2024;2024;9;September;3;10;Tuesday;NO
641;6/8/2021;2021;8;August;3;6;Friday;NO
642;19/3/2023;2023;3;March;1;19;Sunday;SI
643;24/9/2021;2021;9;September;3;24;Friday;NO
644;23/7/2024;2024;7;July;3;23;Tuesday;NO
645;11/4/2024;2024;4;April;2;11;Thursday;NO
646;9/3/2025;2025;3;March;1;9;Sunday;SI
647;17/6/2022;2022;6;June;2;17;Friday;NO
648;15/5/2023;2023;5;May;2;15;Monday;NO
649;27/6/2021;2021;6;June;2;27;Sunday;SI
650;19/3/2024;2024;3;March;1;19;Tuesday;NO
651;14/2/2025;2025;2;February;1;14;Friday;NO
652;19/9/2022;2022;9;September;3;19;Monday;NO
653;25/5/2022;2022;5;May;2;25;Wednesday;NO
654;22/4/2023;2023;4;April;2;22;Saturday;SI
655;22/10/2021;2021;10;October;4;22;Friday;NO
656;30/6/2023;2023;6;June;2;30;Friday;NO
657;4/9/2021;2021;9;September;3;4;Saturday;SI
658;24/4/2025;2025;4;April;2;24;Thursday;NO
659;27/5/2024;2024;5;May;2;27;Monday;NO
660;2/8/2022;2022;8;August;3;2;Tuesday;NO
661;7/6/2023;2023;6;June;2;7;Wednesday;NO
662;12/8/2021;2021;8;August;3;12;Thursday;NO
663;4/5/2024;2024;5;May;2;4;Saturday;SI
664;1/4/2025;2025;4;April;2;1;Tuesday;NO
665;10/7/2022;2022;7;July;3;10;Sunday;SI
666;1/2/2021;2021;2;February;1;1;Monday;NO
667;7/2/2021;2021;2;February;1;7;Sunday;SI
668;12/2/2023;2023;2;February;1;12;Sunday;SI
669;21/9/2024;2024;9;September;3;21;Saturday;SI
670;27/9/2024;2024;9;September;3;27;Friday;NO
671;19/4/2021;2021;4;April;2;19;Monday;NO
672;27/11/2022;2022;11;November;4;27;Sunday;SI
673;3/12/2022;2022;12;December;4;3;Saturday;SI
674;24/2/2021;2021;2;February;1;24;Wednesday;NO
675;27/3/2021;2021;3;March;1;27;Saturday;SI
676;14/10/2024;2024;10;October;4;14;Monday;NO
677;20/10/2024;2024;10;October;4;20;Sunday;SI
678;19/6/2024;2024;6;June;2;19;Wednesday;NO
679;20/12/2022;2022;12;December;4;20;Tuesday;NO
680;26/12/2022;2022;12;December;4;26;Monday;NO
681;22/1/2025;2025;1;January;1;22;Wednesday;NO
682;6/8/2024;2024;8;August;3;6;Tuesday;NO
683;12/10/2022;2022;10;October;4;12;Wednesday;NO
684;30/3/2023;2023;3;March;1;30;Thursday;NO
685;4/6/2021;2021;6;June;2;4;Friday;NO
686;9/1/2021;2021;1;January;1;9;Saturday;SI
687;29/8/2024;2024;8;August;3;29;Thursday;NO
688;7/3/2023;2023;3;March;1;7;Tuesday;NO
689;7/4/2025;2025;4;April;2;7;Monday;NO
690;4/11/2022;2022;11;November;4;4;Friday;NO
691;12/5/2021;2021;5;May;2;12;Wednesday;NO
692;30/12/2024;2024;12;December;4;30;Monday;NO
693;14/7/2021;2021;7;July;3;14;Wednesday;NO
694;3/3/2025;2025;3;March;1;3;Monday;NO
695;27/2/2023;2023;2;February;1;27;Monday;NO
696;11/6/2022;2022;6;June;2;11;Saturday;SI
697;31/7/2023;2023;7;July;3;31;Monday;NO
698;27/6/2024;2024;6;June;2;27;Thursday;NO
699;25/1/2024;2024;1;January;1;25;Thursday;NO
700;21/5/2023;2023;5;May;2;21;Sunday;SI
701;3/7/2021;2021;7;July;3;3;Saturday;SI
702;13/3/2024;2024;3;March;1;13;Wednesday;NO
703;25/3/2024;2024;3;March;1;25;Monday;NO
704;25/9/2022;2022;9;September;3;25;Sunday;SI
705;20/2/2025;2025;2;February;1;20;Thursday;NO
706;17/6/2025;2025;6;June;2;17;Tuesday;NO
707;16/4/2023;2023;4;April;2;16;Sunday;SI
708;28/10/2021;2021;10;October;4;28;Thursday;NO
709;12/12/2025;2025;12;December;4;12;Friday;NO
710;12/1/2023;2023;1;January;1;12;Thursday;NO
711;12/8/2024;2024;8;August;3;12;Monday;NO
712;8/5/2022;2022;5;May;2;8;Sunday;SI
713;10/12/2023;2023;12;December;4;10;Sunday;SI
714;5/4/2023;2023;4;April;2;5;Wednesday;NO
715;29/5/2021;2021;5;May;2;29;Saturday;SI
716;15/9/2023;2023;9;September;3;15;Friday;NO
717;3/1/2021;2021;1;January;1;3;Sunday;SI
718;13/12/2021;2021;12;December;4;13;Monday;NO
719;11/4/2021;2021;4;April;2;11;Sunday;SI
720;10/11/2022;2022;11;November;4;10;Thursday;NO
721;29/11/2024;2024;11;November;4;29;Friday;NO
722;2/8/2025;2025;8;August;3;2;Saturday;SI
723;18/5/2021;2021;5;May;2;18;Tuesday;NO
724;9/3/2022;2022;3;March;1;9;Wednesday;NO
725;8/2/2024;2024;2;February;1;8;Thursday;NO
726;5/1/2025;2025;1;January;1;5;Sunday;SI
727;25/10/2023;2023;10;October;4;25;Wednesday;NO
728;31/10/2023;2023;10;October;4;31;Tuesday;NO
729;18/2/2023;2023;2;February;1;18;Saturday;SI
730;3/6/2025;2025;6;June;2;3;Tuesday;NO
731;21/11/2022;2022;11;November;4;21;Monday;NO
732;14/10/2021;2021;10;October;4;14;Thursday;NO
733;17/3/2022;2022;3;March;1;17;Thursday;NO
734;18/2/2021;2021;2;February;1;18;Thursday;NO
735;17/7/2023;2023;7;July;3;17;Monday;NO
736;22/1/2022;2022;1;January;1;22;Saturday;SI
737;8/10/2024;2024;10;October;4;8;Tuesday;NO
738;2/4/2021;2021;4;April;2;2;Friday;NO
739;20/11/2024;2024;11;November;4;20;Wednesday;NO
740;17/9/2025;2025;9;September;3;17;Wednesday;NO
741;3/1/2023;2023;1;January;1;3;Tuesday;NO
742;6/1/2023;2023;1;January;1;6;Friday;NO
743;18/8/2024;2024;8;August;3;18;Sunday;SI
744;2/5/2022;2022;5;May;2;2;Monday;NO
745;29/8/2021;2021;8;August;3;29;Sunday;SI
746;18/4/2025;2025;4;April;2;18;Friday;NO
747;9/9/2023;2023;9;September;3;9;Saturday;SI
748;1/6/2023;2023;6;June;2;1;Thursday;NO
749;7/12/2021;2021;12;December;4;7;Tuesday;NO
750;15/2/2021;2021;2;February;1;15;Monday;NO
751;5/4/2021;2021;4;April;2;5;Monday;NO
752;23/11/2024;2024;11;November;4;23;Saturday;SI
753;2/2/2024;2024;2;February;1;2;Friday;NO
754;10/8/2022;2022;8;August;3;10;Wednesday;NO
755;21/2/2023;2023;2;February;1;21;Tuesday;NO
756;6/8/2023;2023;8;August;3;6;Sunday;SI
757;11/10/2021;2021;10;October;4;11;Monday;NO
758;16/12/2024;2024;12;December;4;16;Monday;NO
759;26/3/2022;2022;3;March;1;26;Saturday;SI
760;16/3/2023;2023;3;March;1;16;Thursday;NO
761;21/5/2021;2021;5;May;2;21;Friday;NO
762;3/11/2021;2021;11;November;4;3;Wednesday;NO
763;26/7/2024;2024;7;July;3;26;Friday;NO
764;6/12/2025;2025;12;December;4;6;Saturday;SI
765;5/3/2024;2024;3;March;1;5;Tuesday;NO
766;18/6/2023;2023;6;June;2;18;Sunday;SI
767;23/8/2021;2021;8;August;3;23;Monday;NO
768;15/4/2025;2025;4;April;2;15;Tuesday;NO
769;18/5/2024;2024;5;May;2;18;Saturday;SI
770;24/7/2022;2022;7;July;3;24;Sunday;SI
771;28/3/2024;2024;3;March;1;28;Thursday;NO
772;23/2/2025;2025;2;February;1;23;Sunday;SI
773;14/7/2023;2023;7;July;3;14;Friday;NO
774;4/10/2022;2022;10;October;4;4;Tuesday;NO
775;28/6/2022;2022;6;June;2;28;Tuesday;NO
776;8/5/2025;2025;5;May;2;8;Thursday;NO
777;1/9/2023;2023;9;September;3;1;Friday;NO
778;26/6/2025;2025;6;June;2;26;Thursday;NO
779;16/8/2022;2022;8;August;3;16;Tuesday;NO
780;11/9/2022;2022;9;September;3;11;Sunday;SI
781;24/12/2021;2021;12;December;4;24;Friday;NO
782;16/1/2024;2024;1;January;1;16;Tuesday;NO
783;6/7/2024;2024;7;July;3;6;Saturday;SI
784;22/1/2024;2024;1;January;1;22;Monday;NO
785;16/11/2025;2025;11;November;4;16;Sunday;SI
786;25/4/2024;2024;4;April;2;25;Thursday;NO
787;15/9/2021;2021;9;September;3;15;Wednesday;NO
788;13/6/2024;2024;6;June;2;13;Thursday;NO
789;18/10/2025;2025;10;October;4;18;Saturday;SI
790;23/11/2021;2021;11;November;4;23;Tuesday;NO
791;4/12/2023;2023;12;December;4;4;Monday;NO
792;5/2/2022;2022;2;February;1;5;Saturday;SI
793;16/7/2025;2025;7;July;3;16;Wednesday;NO
794;28/9/2025;2025;9;September;3;28;Sunday;SI
795;18/9/2023;2023;9;September;3;18;Monday;NO
796;14/10/2023;2023;10;October;4;14;Saturday;SI
797;8/7/2023;2023;7;July;3;8;Saturday;SI
798;13/1/2022;2022;1;January;1;13;Thursday;NO
799;27/12/2023;2023;12;December;4;27;Wednesday;NO
800;20/6/2025;2025;6;June;2;20;Friday;NO
801;4/7/2022;2022;7;July;3;4;Monday;NO
802;26/8/2023;2023;8;August;3;26;Saturday;SI
803;8/8/2025;2025;8;August;3;8;Friday;NO
804;3/3/2022;2022;3;March;1;3;Thursday;NO
805;14/2/2024;2024;2;February;1;14;Wednesday;NO
806;29/1/2021;2021;1;January;1;29;Friday;NO
807;5/4/2024;2024;4;April;2;5;Friday;NO
808;17/4/2024;2024;4;April;2;17;Wednesday;NO
809;12/8/2023;2023;8;August;3;12;Saturday;SI
810;16/8/2025;2025;8;August;3;16;Saturday;SI
811;5/10/2021;2021;10;October;4;5;Tuesday;NO
812;10/12/2024;2024;12;December;4;10;Tuesday;NO
813;22/12/2024;2024;12;December;4;22;Sunday;SI
814;28/8/2025;2025;8;August;3;28;Thursday;NO
815;21/6/2021;2021;6;June;2;21;Monday;NO
816;7/9/2024;2024;9;September;3;7;Saturday;SI
817;10/3/2023;2023;3;March;1;10;Friday;NO
818;1/11/2022;2022;11;November;4;1;Tuesday;NO
819;28/4/2023;2023;4;April;2;28;Friday;NO
820;20/7/2024;2024;7;July;3;20;Saturday;SI
821;30/11/2025;2025;11;November;4;30;Sunday;SI
822;28/1/2025;2025;1;January;1;28;Tuesday;NO
823;7/3/2021;2021;3;March;1;7;Sunday;SI
824;19/3/2021;2021;3;March;1;19;Friday;NO
825;18/10/2022;2022;10;October;4;18;Tuesday;NO
826;3/11/2024;2024;11;November;4;3;Sunday;SI
827;11/2/2022;2022;2;February;1;11;Friday;NO
828;10/7/2025;2025;7;July;3;10;Thursday;NO
829;15/1/2021;2021;1;January;1;15;Friday;NO
830;15/4/2022;2022;4;April;2;15;Friday;NO
831;14/11/2023;2023;11;November;4;14;Tuesday;NO
832;2/1/2024;2024;1;January;1;2;Tuesday;NO
833;25/2/2022;2022;2;February;1;25;Friday;NO
834;8/10/2023;2023;10;October;4;8;Sunday;SI
835;30/8/2022;2022;8;August;3;30;Tuesday;NO
836;5/9/2022;2022;9;September;3;5;Monday;NO
837;30/12/2021;2021;12;December;4;30;Thursday;NO
838;5/1/2022;2022;1;January;1;5;Wednesday;NO
839;25/4/2021;2021;4;April;2;25;Sunday;SI
840;1/5/2021;2021;5;May;2;1;Saturday;SI
841;6/5/2023;2023;5;May;2;6;Saturday;SI
842;12/5/2023;2023;5;May;2;12;Friday;NO
843;26/1/2023;2023;1;January;1;26;Thursday;NO
844;1/2/2023;2023;2;February;1;1;Wednesday;NO
845;3/8/2021;2021;8;August;3;3;Tuesday;NO
846;9/8/2021;2021;8;August;3;9;Monday;NO
847;21/9/2021;2021;9;September;3;21;Tuesday;NO
848;7/6/2024;2024;6;June;2;7;Friday;NO
849;14/12/2022;2022;12;December;4;14;Wednesday;NO
850;3/2/2025;2025;2;February;1;3;Monday;NO
851;24/6/2023;2023;6;June;2;24;Saturday;SI
852;13/3/2021;2021;3;March;1;13;Saturday;SI
853;24/10/2022;2022;10;October;4;24;Monday;NO
854;28/10/2024;2024;10;October;4;28;Monday;NO
855;17/2/2022;2022;2;February;1;17;Thursday;NO
856;10/10/2025;2025;10;October;4;10;Friday;NO
857;11/11/2021;2021;11;November;4;11;Thursday;NO
858;28/2/2024;2024;2;February;1;28;Wednesday;NO
859;9/4/2022;2022;4;April;2;9;Saturday;SI
860;28/5/2022;2022;5;May;2;28;Saturday;SI
861;26/3/2025;2025;3;March;1;26;Wednesday;NO
862;20/11/2023;2023;11;November;4;20;Monday;NO
863;2/10/2023;2023;10;October;4;2;Monday;NO
864;20/9/2022;2022;9;September;3;20;Tuesday;NO
865;18/8/2023;2023;8;August;3;18;Friday;NO
866;12/6/2025;2025;6;June;2;12;Thursday;NO
867;23/10/2021;2021;10;October;4;23;Saturday;SI
868;15/7/2024;2024;7;July;3;15;Monday;NO
869;7/8/2024;2024;8;August;3;7;Wednesday;NO
870;12/4/2024;2024;4;April;2;12;Friday;NO
871;10/3/2025;2025;3;March;1;10;Monday;NO
872;13/10/2022;2022;10;October;4;13;Thursday;NO
873;5/7/2025;2025;7;July;3;5;Saturday;SI
874;10/9/2023;2023;9;September;3;10;Sunday;SI
875;15/11/2021;2021;11;November;4;15;Monday;NO
876;3/7/2023;2023;7;July;3;3;Monday;NO
877;7/9/2021;2021;9;September;3;7;Tuesday;NO
878;30/5/2024;2024;5;May;2;30;Thursday;NO
879;5/8/2022;2022;8;August;3;5;Friday;NO
880;28/8/2022;2022;8;August;3;28;Sunday;SI
881;26/7/2023;2023;7;July;3;26;Wednesday;NO
882;20/5/2025;2025;5;May;2;20;Tuesday;NO
883;30/9/2021;2021;9;September;3;30;Thursday;NO
884;22/6/2024;2024;6;June;2;22;Saturday;SI
885;2/3/2023;2023;3;March;1;2;Thursday;NO
886;8/3/2023;2023;3;March;1;8;Wednesday;NO
887;15/10/2024;2024;10;October;4;15;Tuesday;NO
888;7/5/2021;2021;5;May;2;7;Friday;NO
889;13/5/2021;2021;5;May;2;13;Thursday;NO
890;25/12/2024;2024;12;December;4;25;Wednesday;NO
891;31/12/2024;2024;12;December;4;31;Tuesday;NO
892;21/12/2022;2022;12;December;4;21;Wednesday;NO
893;7/2/2023;2023;2;February;1;7;Tuesday;NO
894;13/2/2023;2023;2;February;1;13;Monday;NO
895;15/8/2021;2021;8;August;3;15;Sunday;SI
896;14/4/2021;2021;4;April;2;14;Wednesday;NO
897;20/4/2021;2021;4;April;2;20;Tuesday;NO
898;7/11/2024;2024;11;November;4;7;Thursday;NO
899;8/12/2024;2024;12;December;4;8;Sunday;SI
900;10/1/2021;2021;1;January;1;10;Sunday;SI
901;28/6/2021;2021;6;June;2;28;Monday;NO
902;15/2/2025;2025;2;February;1;15;Saturday;SI
903;30/8/2024;2024;8;August;3;30;Friday;NO
904;22/3/2021;2021;3;March;1;22;Monday;NO
905;5/11/2022;2022;11;November;4;5;Saturday;SI
906;23/4/2023;2023;4;April;2;23;Sunday;SI
907;23/1/2025;2025;1;January;1;23;Thursday;NO
908;2/2/2021;2021;2;February;1;2;Tuesday;NO
909;22/9/2024;2024;9;September;3;22;Sunday;SI
910;31/3/2023;2023;3;March;1;31;Friday;NO
911;28/11/2022;2022;11;November;4;28;Monday;NO
912;5/6/2021;2021;6;June;2;5;Saturday;SI
913;2/6/2023;2023;6;June;2;2;Friday;NO
914;10/2/2021;2021;2;February;1;10;Wednesday;NO
915;26/9/2022;2022;9;September;3;26;Monday;NO
916;29/4/2024;2024;4;April;2;29;Monday;NO
917;18/6/2025;2025;6;June;2;18;Wednesday;NO
918;17/10/2021;2021;10;October;4;17;Sunday;SI
919;29/10/2021;2021;10;October;4;29;Friday;NO
920;13/8/2024;2024;8;August;3;13;Tuesday;NO
921;15/7/2021;2021;7;July;3;15;Thursday;NO
922;4/3/2025;2025;3;March;1;4;Tuesday;NO
923;7/10/2022;2022;10;October;4;7;Friday;NO
924;12/6/2022;2022;6;June;2;12;Sunday;SI
925;4/9/2023;2023;9;September;3;4;Monday;NO
926;16/9/2023;2023;9;September;3;16;Saturday;SI
927;4/1/2021;2021;1;January;1;4;Monday;NO
928;2/12/2021;2021;12;December;4;2;Thursday;NO
929;14/3/2024;2024;3;March;1;14;Thursday;NO
930;24/8/2024;2024;8;August;3;24;Saturday;SI
931;28/3/2021;2021;3;March;1;28;Sunday;SI
932;19/12/2023;2023;12;December;4;19;Tuesday;NO
933;17/4/2023;2023;4;April;2;17;Monday;NO
934;22/7/2025;2025;7;July;3;22;Tuesday;NO
935;3/8/2025;2025;8;August;3;3;Sunday;SI
936;17/1/2025;2025;1;January;1;17;Friday;NO
937;29/12/2022;2022;12;December;4;29;Thursday;NO
938;20/10/2023;2023;10;October;4;20;Friday;NO
939;27/4/2022;2022;4;April;2;27;Wednesday;NO
940;31/1/2022;2022;1;January;1;31;Monday;NO
941;22/11/2022;2022;11;November;4;22;Tuesday;NO
942;30/5/2021;2021;5;May;2;30;Sunday;SI
943;15/12/2025;2025;12;December;4;15;Monday;NO
944;19/2/2021;2021;2;February;1;19;Friday;NO
945;9/10/2024;2024;10;October;4;9;Wednesday;NO
946;26/6/2022;2022;6;June;2;26;Sunday;SI
947;28/1/2024;2024;1;January;1;28;Sunday;SI
948;3/2/2024;2024;2;February;1;3;Saturday;SI
949;12/9/2025;2025;9;September;3;12;Friday;NO
950;6/1/2025;2025;1;January;1;6;Monday;NO
951;7/1/2023;2023;1;January;1;7;Saturday;SI
952;19/2/2023;2023;2;February;1;19;Sunday;SI
953;13/5/2024;2024;5;May;2;13;Monday;NO
954;12/3/2022;2022;3;March;1;12;Saturday;SI
955;18/3/2022;2022;3;March;1;18;Friday;NO
956;5/11/2025;2025;11;November;4;5;Wednesday;NO
957;20/3/2024;2024;3;March;1;20;Wednesday;NO
958;8/12/2021;2021;12;December;4;8;Wednesday;NO
959;3/4/2021;2021;4;April;2;3;Saturday;SI
960;6/4/2021;2021;4;April;2;6;Tuesday;NO
961;11/4/2023;2023;4;April;2;11;Tuesday;NO
962;24/11/2024;2024;11;November;4;24;Sunday;SI
963;28/7/2025;2025;7;July;3;28;Monday;NO
964;11/8/2022;2022;8;August;3;11;Thursday;NO
965;4/1/2023;2023;1;January;1;4;Wednesday;NO
966;3/5/2022;2022;5;May;2;3;Tuesday;NO
967;26/10/2023;2023;10;October;4;26;Thursday;NO
968;19/4/2025;2025;4;April;2;19;Saturday;SI
969;28/6/2024;2024;6;June;2;28;Friday;NO
970;24/5/2021;2021;5;May;2;24;Monday;NO
971;21/12/2025;2025;12;December;4;21;Sunday;SI
972;27/5/2023;2023;5;May;2;27;Saturday;SI
973;16/2/2021;2021;2;February;1;16;Tuesday;NO
974;9/11/2023;2023;11;November;4;9;Thursday;NO
975;14/1/2022;2022;1;January;1;14;Friday;NO
976;21/3/2025;2025;3;March;1;21;Friday;NO
977;29/6/2022;2022;6;June;2;29;Wednesday;NO
978;7/12/2025;2025;12;December;4;7;Sunday;SI
979;24/1/2021;2021;1;January;1;24;Sunday;SI
980;17/10/2023;2023;10;October;4;17;Tuesday;NO
981;31/3/2024;2024;3;March;1;31;Sunday;SI
982;6/6/2022;2022;6;June;2;6;Monday;NO
983;19/11/2022;2022;11;November;4;19;Saturday;SI
984;11/8/2025;2025;8;August;3;11;Monday;NO
985;15/7/2023;2023;7;July;3;15;Saturday;SI
986;27/10/2022;2022;10;October;4;27;Thursday;NO
987;16/9/2021;2021;9;September;3;16;Thursday;NO
988;9/5/2025;2025;5;May;2;9;Friday;NO
989;8/6/2024;2024;6;June;2;8;Saturday;SI
990;17/8/2022;2022;8;August;3;17;Wednesday;NO
991;6/7/2021;2021;7;July;3;6;Tuesday;NO
992;19/6/2023;2023;6;June;2;19;Monday;NO
993;24/8/2021;2021;8;August;3;24;Tuesday;NO
994;7/8/2023;2023;8;August;3;7;Monday;NO
995;1/5/2023;2023;5;May;2;1;Monday;NO
996;6/11/2021;2021;11;November;4;6;Saturday;SI
997;29/7/2021;2021;7;July;3;29;Thursday;NO
998;26/4/2024;2024;4;April;2;26;Friday;NO
999;21/6/2025;2025;6;June;2;21;Saturday;SI
1000;27/8/2023;2023;8;August;3;27;Sunday;SI
1001;31/8/2025;2025;8;August;3;31;Sunday;SI
1002;6/9/2025;2025;9;September;3;6;Saturday;SI
1003;9/2/2024;2024;2;February;1;9;Friday;NO
1004;29/11/2023;2023;11;November;4;29;Wednesday;NO
1005;5/12/2023;2023;12;December;4;5;Tuesday;NO
1006;10/4/2025;2025;4;April;2;10;Thursday;NO
1007;19/5/2024;2024;5;May;2;19;Sunday;SI
1008;29/5/2025;2025;5;May;2;29;Thursday;NO
1009;17/1/2024;2024;1;January;1;17;Wednesday;NO
1010;25/7/2022;2022;7;July;3;25;Monday;NO
1011;11/11/2025;2025;11;November;4;11;Tuesday;NO
1012;8/3/2024;2024;3;March;1;8;Friday;NO
1013;9/7/2023;2023;7;July;3;9;Sunday;SI
1014;17/5/2022;2022;5;May;2;17;Tuesday;NO
1015;28/12/2023;2023;12;December;4;28;Thursday;NO
1016;3/5/2025;2025;5;May;2;3;Saturday;SI
1017;14/6/2024;2024;6;June;2;14;Friday;NO
1018;4/3/2022;2022;3;March;1;4;Friday;NO
1019;19/10/2025;2025;10;October;4;19;Sunday;SI
1020;19/12/2021;2021;12;December;4;19;Sunday;SI
1021;1/8/2023;2023;8;August;3;1;Tuesday;NO
1022;6/2/2022;2022;2;February;1;6;Sunday;SI
1023;6/10/2021;2021;10;October;4;6;Wednesday;NO
1024;14/9/2022;2022;9;September;3;14;Wednesday;NO
1025;15/11/2023;2023;11;November;4;15;Wednesday;NO
1026;8/1/2022;2022;1;January;1;8;Saturday;SI
1027;11/3/2023;2023;3;March;1;11;Saturday;SI
1028;27/3/2025;2025;3;March;1;27;Thursday;NO
1029;5/7/2022;2022;7;July;3;5;Tuesday;NO
1030;4/5/2021;2021;5;May;2;4;Tuesday;NO
1031;21/7/2024;2024;7;July;3;21;Sunday;SI
1032;1/12/2025;2025;12;December;4;1;Monday;NO
1033;30/1/2021;2021;1;January;1;30;Saturday;SI
1034;6/4/2024;2024;4;April;2;6;Saturday;SI
1035;19/10/2022;2022;10;October;4;19;Wednesday;NO
1036;17/8/2025;2025;8;August;3;17;Sunday;SI
1037;17/2/2024;2024;2;February;1;17;Saturday;SI
1038;29/2/2024;2024;2;February;1;29;Thursday;NO
1039;22/6/2021;2021;6;June;2;22;Tuesday;NO
1040;21/1/2023;2023;1;January;1;21;Saturday;SI
1041;26/2/2022;2022;2;February;1;26;Saturday;SI
1042;27/9/2023;2023;9;September;3;27;Wednesday;NO
1043;13/10/2025;2025;10;October;4;13;Monday;NO
1044;29/1/2025;2025;1;January;1;29;Wednesday;NO
1045;25/12/2021;2021;12;December;4;25;Saturday;SI
1046;16/9/2024;2024;9;September;3;16;Monday;NO
1047;23/10/2024;2024;10;October;4;23;Wednesday;NO
1048;25/3/2023;2023;3;March;1;25;Saturday;SI
1049;4/11/2024;2024;11;November;4;4;Monday;NO
1050;12/2/2022;2022;2;February;1;12;Saturday;SI
1051;11/12/2024;2024;12;December;4;11;Wednesday;NO
1052;4/4/2022;2022;4;April;2;4;Monday;NO
1053;10/4/2022;2022;4;April;2;10;Sunday;SI
1054;4/8/2021;2021;8;August;3;4;Wednesday;NO
1055;20/4/2024;2024;4;April;2;20;Saturday;SI
1056;9/12/2022;2022;12;December;4;9;Friday;NO
1057;15/12/2022;2022;12;December;4;15;Thursday;NO
1058;31/8/2022;2022;8;August;3;31;Wednesday;NO
1059;6/9/2022;2022;9;September;3;6;Tuesday;NO
1060;8/3/2021;2021;3;March;1;8;Monday;NO
1061;14/3/2021;2021;3;March;1;14;Sunday;SI
1062;26/4/2021;2021;4;April;2;26;Monday;NO
1063;11/1/2024;2024;1;January;1;11;Thursday;NO
1064;19/7/2022;2022;7;July;3;19;Tuesday;NO
1065;27/1/2023;2023;1;January;1;27;Friday;NO
1066;6/2/2025;2025;2;February;1;6;Thursday;NO
1067;2/6/2024;2024;6;June;2;2;Sunday;SI
1068;20/2/2022;2022;2;February;1;20;Sunday;SI
1069;16/6/2021;2021;6;June;2;16;Wednesday;NO
1070;3/10/2023;2023;10;October;4;3;Tuesday;NO
1071;25/6/2023;2023;6;June;2;25;Sunday;SI
1072;31/12/2021;2021;12;December;4;31;Friday;NO
1073;29/10/2024;2024;10;October;4;29;Tuesday;NO
1074;17/12/2024;2024;12;December;4;17;Tuesday;NO
1075;7/5/2023;2023;5;May;2;7;Sunday;SI
1076;12/11/2021;2021;11;November;4;12;Friday;NO
1077;7/4/2022;2022;4;April;2;7;Thursday;NO
1078;5/3/2023;2023;3;March;1;5;Sunday;SI
1079;10/5/2021;2021;5;May;2;10;Monday;NO
1080;31/1/2024;2024;1;January;1;31;Wednesday;NO
1081;15/9/2025;2025;9;September;3;15;Monday;NO
1082;28/12/2024;2024;12;December;4;28;Saturday;SI
1083;20/1/2025;2025;1;January;1;20;Monday;NO
1084;30/4/2022;2022;4;April;2;30;Saturday;SI
1085;29/10/2023;2023;10;October;4;29;Sunday;SI
1086;25/9/2024;2024;9;September;3;25;Wednesday;NO
1087;28/3/2023;2023;3;March;1;28;Tuesday;NO
1088;23/8/2025;2025;8;August;3;23;Saturday;SI
1089;2/6/2021;2021;6;June;2;2;Wednesday;NO
1090;18/12/2025;2025;12;December;4;18;Thursday;NO
1091;23/2/2024;2024;2;February;1;23;Friday;NO
1092;25/6/2021;2021;6;June;2;25;Friday;NO
1093;17/3/2024;2024;3;March;1;17;Sunday;SI
1094;11/12/2021;2021;12;December;4;11;Saturday;SI
1095;12/2/2025;2025;2;February;1;12;Wednesday;NO
1096;2/9/2024;2024;9;September;3;2;Monday;NO
1097;23/5/2022;2022;5;May;2;23;Monday;NO
1098;8/11/2022;2022;11;November;4;8;Tuesday;NO
1099;20/4/2023;2023;4;April;2;20;Thursday;NO
1100;6/10/2023;2023;10;October;4;6;Friday;NO
1101;10/8/2024;2024;8;August;3;10;Saturday;SI
1102;18/11/2021;2021;11;November;4;18;Thursday;NO
1103;18/7/2021;2021;7;July;3;18;Sunday;SI
1104;9/4/2024;2024;4;April;2;9;Tuesday;NO
1105;7/3/2025;2025;3;March;1;7;Friday;NO
1106;16/10/2022;2022;10;October;4;16;Sunday;SI
1107;15/6/2022;2022;6;June;2;15;Wednesday;NO
1108;8/7/2025;2025;7;July;3;8;Tuesday;NO
1109;13/9/2023;2023;9;September;3;13;Wednesday;NO
1110;13/5/2023;2023;5;May;2;13;Saturday;SI
1111;17/9/2022;2022;9;September;3;17;Saturday;SI
1112;2/5/2024;2024;5;May;2;2;Thursday;NO
1113;21/8/2023;2023;8;August;3;21;Monday;NO
1114;15/6/2025;2025;6;June;2;15;Sunday;SI
1115;8/7/2022;2022;7;July;3;8;Friday;NO
1116;12/7/2024;2024;7;July;3;12;Friday;NO
1117;26/10/2021;2021;10;October;4;26;Tuesday;NO
1118;2/3/2021;2021;3;March;1;2;Tuesday;NO
1119;29/7/2023;2023;7;July;3;29;Saturday;SI
1120;23/5/2025;2025;5;May;2;23;Friday;NO
1121;3/10/2021;2021;10;October;4;3;Sunday;SI
1122;25/8/2022;2022;8;August;3;25;Thursday;NO
1123;7/1/2021;2021;1;January;1;7;Thursday;NO
1124;18/1/2023;2023;1;January;1;18;Wednesday;NO
1125;27/8/2024;2024;8;August;3;27;Tuesday;NO
1126;18/2/2025;2025;2;February;1;18;Tuesday;NO
1127;6/7/2023;2023;7;July;3;6;Thursday;NO
1128;25/3/2021;2021;3;March;1;25;Thursday;NO
1129;10/9/2021;2021;9;September;3;10;Friday;NO
1130;2/11/2022;2022;11;November;4;2;Wednesday;NO
1131;30/4/2025;2025;4;April;2;30;Wednesday;NO
1132;4/8/2024;2024;8;August;3;4;Sunday;SI
1133;13/6/2023;2023;6;June;2;13;Tuesday;NO
1134;10/2/2023;2023;2;February;1;10;Friday;NO
1135;18/8/2021;2021;8;August;3;18;Wednesday;NO
1136;10/10/2022;2022;10;October;4;10;Monday;NO
1137;17/4/2021;2021;4;April;2;17;Saturday;SI
1138;5/12/2024;2024;12;December;4;5;Thursday;NO
1139;22/2/2021;2021;2;February;1;22;Monday;NO
1140;20/1/2022;2022;1;January;1;20;Thursday;NO
1141;12/10/2024;2024;10;October;4;12;Saturday;SI
1142;23/6/2022;2022;6;June;2;23;Thursday;NO
1143;16/5/2021;2021;5;May;2;16;Sunday;SI
1144;9/9/2025;2025;9;September;3;9;Tuesday;NO
1145;3/1/2025;2025;1;January;1;3;Friday;NO
1146;14/1/2025;2025;1;January;1;14;Tuesday;NO
1147;24/4/2022;2022;4;April;2;24;Sunday;SI
1148;23/10/2023;2023;10;October;4;23;Monday;NO
1149;6/5/2022;2022;5;May;2;6;Friday;NO
1150;3/4/2023;2023;4;April;2;3;Monday;NO
1151;25/11/2022;2022;11;November;4;25;Friday;NO
1152;27/5/2021;2021;5;May;2;27;Thursday;NO
1153;24/12/2025;2025;12;December;4;24;Wednesday;NO
1154;31/3/2021;2021;3;March;1;31;Wednesday;NO
1155;22/12/2023;2023;12;December;4;22;Friday;NO
1156;18/11/2024;2024;11;November;4;18;Monday;NO
1157;27/11/2024;2024;11;November;4;27;Wednesday;NO
1158;10/1/2023;2023;1;January;1;10;Tuesday;NO
1159;16/2/2023;2023;2;February;1;16;Thursday;NO
1160;8/12/2023;2023;12;December;4;8;Friday;NO
1161;21/3/2022;2022;3;March;1;21;Monday;NO
1162;8/11/2025;2025;11;November;4;8;Saturday;SI
1163;30/5/2023;2023;5;May;2;30;Tuesday;NO
1164;5/6/2023;2023;6;June;2;5;Monday;NO
1165;13/2/2021;2021;2;February;1;13;Saturday;SI
1166;23/9/2022;2022;9;September;3;23;Friday;NO
1167;29/9/2022;2022;9;September;3;29;Thursday;NO
1168;3/10/2024;2024;10;October;4;3;Thursday;NO
1169;9/6/2025;2025;6;June;2;9;Monday;NO
1170;20/10/2021;2021;10;October;4;20;Wednesday;NO
1171;1/1/2023;2023;1;January;1;1;Sunday;SI
1172;27/8/2021;2021;8;August;3;27;Friday;NO
1173;23/7/2023;2023;7;July;3;23;Sunday;SI
1174;16/4/2025;2025;4;April;2;16;Wednesday;NO
1175;22/4/2025;2025;4;April;2;22;Tuesday;NO
1176;28/1/2022;2022;1;January;1;28;Friday;NO
1177;25/6/2024;2024;6;June;2;25;Tuesday;NO
1178;1/7/2024;2024;7;July;3;1;Monday;NO
1179;5/12/2021;2021;12;December;4;5;Sunday;SI
1180;23/3/2024;2024;3;March;1;23;Saturday;SI
1181;16/12/2023;2023;12;December;4;16;Saturday;SI
1182;14/4/2023;2023;4;April;2;14;Friday;NO
1183;8/8/2022;2022;8;August;3;8;Monday;NO
1184;16/8/2024;2024;8;August;3;16;Friday;NO
1185;12/7/2021;2021;7;July;3;12;Monday;NO
1186;1/3/2025;2025;3;March;1;1;Saturday;SI
1187;10/5/2024;2024;5;May;2;10;Friday;NO
1188;16/11/2022;2022;11;November;4;16;Wednesday;NO
1189;7/9/2023;2023;9;September;3;7;Thursday;NO
1190;15/3/2022;2022;3;March;1;15;Tuesday;NO
1191;2/11/2025;2025;11;November;4;2;Sunday;SI
1192;1/8/2021;2021;8;August;3;1;Sunday;SI
1193;23/4/2024;2024;4;April;2;23;Tuesday;NO
1194;6/10/2024;2024;10;October;4;6;Sunday;SI
1195;24/6/2025;2025;6;June;2;24;Tuesday;NO
1196;3/9/2025;2025;9;September;3;3;Wednesday;NO
1197;12/12/2022;2022;12;December;4;12;Monday;NO
1198;9/7/2021;2021;7;July;3;9;Friday;NO
1199;22/12/2021;2021;12;December;4;22;Wednesday;NO
1200;13/9/2024;2024;9;September;3;13;Friday;NO
1201;4/5/2023;2023;5;May;2;4;Thursday;NO
1202;1/1/2021;2021;1;January;1;1;Friday;NO
1203;29/11/2021;2021;11;November;4;29;Monday;NO
1204;12/7/2023;2023;7;July;3;12;Wednesday;NO
1205;19/9/2021;2021;9;September;3;19;Sunday;SI
1206;6/5/2025;2025;5;May;2;6;Tuesday;NO
1207;11/6/2024;2024;6;June;2;11;Tuesday;NO
1208;24/9/2023;2023;9;September;3;24;Sunday;SI
1209;14/8/2022;2022;8;August;3;14;Sunday;SI
1210;13/6/2021;2021;6;June;2;13;Sunday;SI
1211;3/6/2022;2022;6;June;2;3;Friday;NO
1212;13/4/2025;2025;4;April;2;13;Sunday;SI
1213;16/5/2024;2024;5;May;2;16;Thursday;NO
1214;1/6/2025;2025;6;June;2;1;Sunday;SI
1215;4/7/2024;2024;7;July;3;4;Thursday;NO
1216;22/7/2022;2022;7;July;3;22;Friday;NO
1217;6/11/2023;2023;11;November;4;6;Monday;NO
1218;12/11/2023;2023;11;November;4;12;Sunday;SI
1219;11/1/2022;2022;1;January;1;11;Tuesday;NO
1220;17/1/2022;2022;1;January;1;17;Monday;NO
1221;18/3/2025;2025;3;March;1;18;Tuesday;NO
1222;2/7/2022;2022;7;July;3;2;Saturday;SI
1223;24/5/2023;2023;5;May;2;24;Wednesday;NO
1224;16/6/2023;2023;6;June;2;16;Friday;NO
1225;21/8/2021;2021;8;August;3;21;Saturday;SI
1226;4/8/2023;2023;8;August;3;4;Friday;NO
1227;3/2/2022;2022;2;February;1;3;Thursday;NO
1228;9/2/2022;2022;2;February;1;9;Wednesday;NO
1229;9/10/2021;2021;10;October;4;9;Saturday;SI
1230;24/3/2022;2022;3;March;1;24;Thursday;NO
1231;11/3/2024;2024;3;March;1;11;Monday;NO
1232;14/5/2022;2022;5;May;2;14;Saturday;SI
1233;13/9/2021;2021;9;September;3;13;Monday;NO
1234;25/12/2023;2023;12;December;4;25;Monday;NO
1235;1/3/2022;2022;3;March;1;1;Tuesday;NO
1236;22/10/2025;2025;10;October;4;22;Wednesday;NO
1237;21/4/2022;2022;4;April;2;21;Thursday;NO
1238;3/4/2024;2024;4;April;2;3;Wednesday;NO
1239;2/12/2023;2023;12;December;4;2;Saturday;SI
1240;9/6/2022;2022;6;June;2;9;Thursday;NO
1241;22/5/2024;2024;5;May;2;22;Wednesday;NO
1242;26/5/2025;2025;5;May;2;26;Monday;NO
1243;14/7/2025;2025;7;July;3;14;Monday;NO
1244;28/7/2022;2022;7;July;3;28;Thursday;NO
1245;20/1/2024;2024;1;January;1;20;Saturday;SI
1246;13/4/2022;2022;4;April;2;13;Wednesday;NO
1247;26/7/2021;2021;7;July;3;26;Monday;NO
1248;7/8/2021;2021;8;August;3;7;Saturday;SI
1249;24/8/2023;2023;8;August;3;24;Thursday;NO
1250;6/12/2022;2022;12;December;4;6;Tuesday;NO
1251;18/12/2022;2022;12;December;4;18;Sunday;SI
1252;1/4/2022;2022;4;April;2;1;Friday;NO
1253;26/1/2025;2025;1;January;1;26;Sunday;SI
1254;1/8/2024;2024;8;August;3;1;Thursday;NO
1255;21/11/2021;2021;11;November;4;21;Sunday;SI
1256;28/12/2021;2021;12;December;4;28;Tuesday;NO
1257;19/9/2024;2024;9;September;3;19;Thursday;NO
1258;22/3/2023;2023;3;March;1;22;Wednesday;NO
1259;10/5/2023;2023;5;May;2;10;Wednesday;NO
1260;9/11/2021;2021;11;November;4;9;Tuesday;NO
1261;24/1/2023;2023;1;January;1;24;Tuesday;NO
1262;9/2/2025;2025;2;February;1;9;Sunday;SI
1263;5/9/2024;2024;9;September;3;5;Thursday;NO
1264;20/5/2022;2022;5;May;2;20;Friday;NO
1265;30/10/2022;2022;10;October;4;30;Sunday;SI
1266;31/12/2023;2023;12;December;4;31;Sunday;SI
1267;23/2/2022;2022;2;February;1;23;Wednesday;NO
1268;27/1/2021;2021;1;January;1;27;Wednesday;NO
1269;5/3/2021;2021;3;March;1;5;Friday;NO
1270;26/11/2023;2023;11;November;4;26;Sunday;SI
1271;23/4/2021;2021;4;April;2;23;Friday;NO
1272;14/1/2024;2024;1;January;1;14;Sunday;SI
1273;2/10/2025;2025;10;October;4;2;Thursday;NO
1274;20/2/2024;2024;2;February;1;20;Tuesday;NO
1275;18/11/2023;2023;11;November;4;18;Saturday;SI
1276;24/3/2025;2025;3;March;1;24;Monday;NO
1277;30/3/2025;2025;3;March;1;30;Sunday;SI
1278;18/7/2024;2024;7;July;3;18;Thursday;NO
1279;24/7/2024;2024;7;July;3;24;Wednesday;NO
1280;22/6/2023;2023;6;June;2;22;Thursday;NO
1281;26/10/2024;2024;10;October;4;26;Saturday;SI
1282;1/11/2024;2024;11;November;4;1;Friday;NO
1283;27/9/2021;2021;9;September;3;27;Monday;NO
1284;14/12/2024;2024;12;December;4;14;Saturday;SI
1285;19/6/2021;2021;6;June;2;19;Saturday;SI
1286;30/1/2023;2023;1;January;1;30;Monday;NO
1287;26/5/2022;2022;5;May;2;26;Thursday;NO
1288;5/6/2024;2024;6;June;2;5;Wednesday;NO
1289;30/9/2023;2023;9;September;3;30;Saturday;SI
1290;21/1/2021;2021;1;January;1;21;Thursday;NO
1291;3/9/2022;2022;9;September;3;3;Saturday;SI
1292;11/3/2021;2021;3;March;1;11;Thursday;NO
1293;16/7/2022;2022;7;July;3;16;Saturday;SI
1294;8/1/2024;2024;1;January;1;8;Monday;NO
1295;2/7/2025;2025;7;July;3;2;Wednesday;NO
1296;26/2/2024;2024;2;February;1;26;Monday;NO
1297;21/1/2025;2025;1;January;1;21;Tuesday;NO
1298;8/6/2023;2023;6;June;2;8;Thursday;NO
1299;1/5/2022;2022;5;May;2;1;Sunday;SI
1300;13/8/2021;2021;8;August;3;13;Friday;NO
1301;5/5/2024;2024;5;May;2;5;Sunday;SI
1302;2/4/2025;2025;4;April;2;2;Wednesday;NO
1303;29/3/2023;2023;3;March;1;29;Wednesday;NO
1304;11/7/2022;2022;7;July;3;11;Monday;NO
1305;24/2/2024;2024;2;February;1;24;Saturday;SI
1306;18/3/2024;2024;3;March;1;18;Monday;NO
1307;13/2/2025;2025;2;February;1;13;Thursday;NO
1308;21/7/2021;2021;7;July;3;21;Wednesday;NO
1309;18/6/2022;2022;6;June;2;18;Saturday;SI
1310;24/7/2023;2023;7;July;3;24;Monday;NO
1311;18/5/2025;2025;5;May;2;18;Sunday;SI
1312;28/9/2021;2021;9;September;3;28;Tuesday;NO
1313;20/6/2024;2024;6;June;2;20;Thursday;NO
1314;26/8/2022;2022;8;August;3;26;Friday;NO
1315;1/7/2023;2023;7;July;3;1;Saturday;SI
1316;5/9/2021;2021;9;September;3;5;Sunday;SI
1317;25/4/2025;2025;4;April;2;25;Friday;NO
1318;28/5/2024;2024;5;May;2;28;Tuesday;NO
1319;3/8/2022;2022;8;August;3;3;Wednesday;NO
1320;27/12/2022;2022;12;December;4;27;Tuesday;NO
1321;5/8/2024;2024;8;August;3;5;Monday;NO
1322;25/2/2021;2021;2;February;1;25;Thursday;NO
1323;3/3/2021;2021;3;March;1;3;Wednesday;NO
1324;11/10/2022;2022;10;October;4;11;Tuesday;NO
1325;21/10/2024;2024;10;October;4;21;Monday;NO
1326;9/7/2025;2025;7;July;3;9;Wednesday;NO
1327;13/1/2023;2023;1;January;1;13;Friday;NO
1328;19/1/2023;2023;1;January;1;19;Thursday;NO
1329;18/9/2022;2022;9;September;3;18;Sunday;SI
1330;20/3/2021;2021;3;March;1;20;Saturday;SI
1331;26/3/2021;2021;3;March;1;26;Friday;NO
1332;13/11/2024;2024;11;November;4;13;Wednesday;NO
1333;22/8/2023;2023;8;August;3;22;Tuesday;NO
1334;16/6/2025;2025;6;June;2;16;Monday;NO
1335;13/7/2024;2024;7;July;3;13;Saturday;SI
1336;11/2/2023;2023;2;February;1;11;Saturday;SI
1337;20/9/2024;2024;9;September;3;20;Friday;NO
1338;30/7/2023;2023;7;July;3;30;Sunday;SI
1339;18/4/2021;2021;4;April;2;18;Sunday;SI
1340;24/5/2025;2025;5;May;2;24;Saturday;SI
1341;4/10/2021;2021;10;October;4;4;Monday;NO
1342;6/12/2024;2024;12;December;4;6;Friday;NO
1343;28/8/2024;2024;8;August;3;28;Wednesday;NO
1344;7/7/2023;2023;7;July;3;7;Friday;NO
1345;6/3/2023;2023;3;March;1;6;Monday;NO
1346;11/9/2021;2021;9;September;3;11;Saturday;SI
1347;3/11/2022;2022;11;November;4;3;Thursday;NO
1348;1/5/2025;2025;5;May;2;1;Thursday;NO
1349;11/5/2021;2021;5;May;2;11;Tuesday;NO
1350;29/12/2024;2024;12;December;4;29;Sunday;SI
1351;15/1/2025;2025;1;January;1;15;Wednesday;NO
1352;25/4/2022;2022;4;April;2;25;Monday;NO
1353;19/8/2021;2021;8;August;3;19;Thursday;NO
1354;11/5/2024;2024;5;May;2;11;Saturday;SI
1355;8/4/2025;2025;4;April;2;8;Tuesday;NO
1356;28/5/2021;2021;5;May;2;28;Friday;NO
1357;13/12/2025;2025;12;December;4;13;Saturday;SI
1358;12/3/2024;2024;3;March;1;12;Tuesday;NO
1359;24/6/2022;2022;6;June;2;24;Friday;NO
1360;15/4/2023;2023;4;April;2;15;Saturday;SI
1361;10/9/2025;2025;9;September;3;10;Wednesday;NO
1362;22/5/2023;2023;5;May;2;22;Monday;NO
1363;4/7/2021;2021;7;July;3;4;Sunday;SI
1364;14/12/2021;2021;12;December;4;14;Tuesday;NO
1365;26/3/2024;2024;3;March;1;26;Tuesday;NO
1366;21/2/2025;2025;2;February;1;21;Friday;NO
1367;12/4/2021;2021;4;April;2;12;Monday;NO
1368;11/11/2022;2022;11;November;4;11;Friday;NO
1369;30/11/2024;2024;11;November;4;30;Saturday;SI
1370;10/3/2022;2022;3;March;1;10;Thursday;NO
1371;28/10/2025;2025;10;October;4;28;Tuesday;NO
1372;9/11/2025;2025;11;November;4;9;Sunday;SI
1373;8/2/2021;2021;2;February;1;8;Monday;NO
1374;1/11/2023;2023;11;November;4;1;Wednesday;NO
1375;9/5/2022;2022;5;May;2;9;Monday;NO
1376;28/9/2024;2024;9;September;3;28;Saturday;SI
1377;28/2/2023;2023;2;February;1;28;Tuesday;NO
1378;6/4/2023;2023;4;April;2;6;Thursday;NO
1379;26/1/2024;2024;1;January;1;26;Friday;NO
1380;2/1/2023;2023;1;January;1;2;Monday;NO
1381;23/1/2022;2022;1;January;1;23;Sunday;SI
1382;29/1/2022;2022;1;January;1;29;Saturday;SI
1383;2/9/2023;2023;9;September;3;2;Saturday;SI
1384;8/9/2023;2023;9;September;3;8;Friday;NO
1385;19/5/2021;2021;5;May;2;19;Wednesday;NO
1386;24/9/2022;2022;9;September;3;24;Saturday;SI
1387;11/12/2023;2023;12;December;4;11;Monday;NO
1388;17/12/2023;2023;12;December;4;17;Sunday;SI
1389;4/6/2025;2025;6;June;2;4;Wednesday;NO
1390;19/11/2024;2024;11;November;4;19;Tuesday;NO
1391;15/10/2021;2021;10;October;4;15;Friday;NO
1392;21/10/2021;2021;10;October;4;21;Thursday;NO
1393;13/7/2021;2021;7;July;3;13;Tuesday;NO
1394;24/10/2023;2023;10;October;4;24;Tuesday;NO
1395;2/3/2025;2025;3;March;1;2;Sunday;SI
1396;18/7/2023;2023;7;July;3;18;Tuesday;NO
1397;17/11/2022;2022;11;November;4;17;Thursday;NO
1398;26/6/2024;2024;6;June;2;26;Wednesday;NO
1399;16/3/2022;2022;3;March;1;16;Wednesday;NO
1400;31/5/2023;2023;5;May;2;31;Wednesday;NO
1401;6/12/2021;2021;12;December;4;6;Monday;NO
1402;14/2/2021;2021;2;February;1;14;Sunday;SI
1403;22/2/2023;2023;2;February;1;22;Wednesday;NO
1404;4/10/2024;2024;10;October;4;4;Friday;NO
1405;30/8/2021;2021;8;August;3;30;Monday;NO
1406;26/7/2025;2025;7;July;3;26;Saturday;SI
1407;1/2/2024;2024;2;February;1;1;Thursday;NO
1408;9/8/2022;2022;8;August;3;9;Tuesday;NO
1409;5/1/2023;2023;1;January;1;5;Thursday;NO
1410;3/12/2023;2023;12;December;4;3;Sunday;SI
1411;17/3/2023;2023;3;March;1;17;Friday;NO
1412;14/4/2025;2025;4;April;2;14;Monday;NO
1413;17/5/2024;2024;5;May;2;17;Friday;NO
1414;23/7/2022;2022;7;July;3;23;Saturday;SI
1415;22/5/2021;2021;5;May;2;22;Saturday;SI
1416;27/9/2025;2025;9;September;3;27;Saturday;SI
1417;4/11/2021;2021;11;November;4;4;Thursday;NO
1418;27/7/2024;2024;7;July;3;27;Saturday;SI
1419;6/3/2024;2024;3;March;1;6;Wednesday;NO
1420;19/8/2024;2024;8;August;3;19;Monday;NO
1421;2/8/2021;2021;8;August;3;2;Monday;NO
1422;24/4/2024;2024;4;April;2;24;Wednesday;NO
1423;7/10/2024;2024;10;October;4;7;Monday;NO
1424;25/10/2022;2022;10;October;4;25;Tuesday;NO
1425;4/9/2025;2025;9;September;3;4;Thursday;NO
1426;13/12/2022;2022;12;December;4;13;Tuesday;NO
1427;14/6/2021;2021;6;June;2;14;Monday;NO
1428;30/12/2025;2025;12;December;4;30;Tuesday;NO
1429;29/3/2024;2024;3;March;1;29;Friday;NO
1430;23/12/2021;2021;12;December;4;23;Thursday;NO
1431;14/9/2024;2024;9;September;3;14;Saturday;SI
1432;24/2/2025;2025;2;February;1;24;Monday;NO
1433;4/6/2022;2022;6;June;2;4;Saturday;SI
1434;2/1/2021;2021;1;January;1;2;Saturday;SI
1435;25/5/2023;2023;5;May;2;25;Thursday;NO
1436;30/11/2021;2021;11;November;4;30;Tuesday;NO
1437;19/3/2025;2025;3;March;1;19;Wednesday;NO
1438;27/6/2022;2022;6;June;2;27;Monday;NO
1439;7/5/2025;2025;5;May;2;7;Wednesday;NO
1440;12/10/2021;2021;10;October;4;12;Tuesday;NO
1441;25/9/2023;2023;9;September;3;25;Monday;NO
1442;16/4/2022;2022;4;April;2;16;Saturday;SI
1443;22/4/2022;2022;4;April;2;22;Friday;NO
1444;17/6/2023;2023;6;June;2;17;Saturday;SI
1445;5/10/2022;2022;10;October;4;5;Wednesday;NO
1446;22/8/2021;2021;8;August;3;22;Sunday;SI
1447;4/2/2022;2022;2;February;1;4;Friday;NO
1448;15/2/2024;2024;2;February;1;15;Thursday;NO
1449;12/9/2022;2022;9;September;3;12;Monday;NO
1450;14/9/2021;2021;9;September;3;14;Tuesday;NO
1451;7/7/2024;2024;7;July;3;7;Sunday;SI
1452;23/1/2024;2024;1;January;1;23;Tuesday;NO
1453;17/10/2025;2025;10;October;4;17;Friday;NO
1454;17/11/2025;2025;11;November;4;17;Monday;NO
1455;15/10/2023;2023;10;October;4;15;Sunday;SI
1456;4/4/2024;2024;4;April;2;4;Thursday;NO
1457;17/12/2021;2021;12;December;4;17;Friday;NO
1458;10/6/2022;2022;6;June;2;10;Friday;NO
1459;27/5/2025;2025;5;May;2;27;Tuesday;NO
1460;9/8/2025;2025;8;August;3;9;Saturday;SI
1461;24/11/2021;2021;11;November;4;24;Wednesday;NO
1462;7/11/2023;2023;11;November;4;7;Tuesday;NO
1463;15/5/2022;2022;5;May;2;15;Sunday;SI
1464;12/1/2022;2022;1;January;1;12;Wednesday;NO
1465;19/9/2023;2023;9;September;3;19;Tuesday;NO
1466;27/3/2022;2022;3;March;1;27;Sunday;SI
1467;2/8/2024;2024;8;August;3;2;Friday;NO
1468;6/3/2021;2021;3;March;1;6;Saturday;SI
1469;27/11/2023;2023;11;November;4;27;Monday;NO
1470;23/3/2023;2023;3;March;1;23;Thursday;NO
1471;17/7/2022;2022;7;July;3;17;Sunday;SI
1472;10/11/2021;2021;11;November;4;10;Wednesday;NO
1473;20/6/2021;2021;6;June;2;20;Sunday;SI
1474;27/7/2021;2021;7;July;3;27;Tuesday;NO
1475;18/4/2024;2024;4;April;2;18;Thursday;NO
1476;31/10/2022;2022;10;October;4;31;Monday;NO
1477;29/8/2025;2025;8;August;3;29;Friday;NO
1478;8/6/2021;2021;6;June;2;8;Tuesday;NO
1479;7/12/2022;2022;12;December;4;7;Wednesday;NO
1480;16/1/2021;2021;1;January;1;16;Saturday;SI
1481;28/1/2021;2021;1;January;1;28;Thursday;NO
1482;2/2/2023;2023;2;February;1;2;Thursday;NO
1483;3/1/2024;2024;1;January;1;3;Wednesday;NO
1484;15/1/2024;2024;1;January;1;15;Monday;NO
1485;15/8/2025;2025;8;August;3;15;Friday;NO
1486;29/4/2023;2023;4;April;2;29;Saturday;SI
1487;9/12/2024;2024;12;December;4;9;Monday;NO
1488;9/10/2023;2023;10;October;4;9;Monday;NO
1489;2/4/2022;2022;4;April;2;2;Saturday;SI
1490;10/2/2025;2025;2;February;1;10;Monday;NO
1491;13/11/2023;2023;11;November;4;13;Monday;NO
1492;6/1/2022;2022;1;January;1;6;Thursday;NO
1493;21/5/2022;2022;5;May;2;21;Saturday;SI
1494;24/2/2022;2022;2;February;1;24;Thursday;NO
1495;23/12/2024;2024;12;December;4;23;Monday;NO
1496;10/8/2021;2021;8;August;3;10;Tuesday;NO
1497;27/10/2024;2024;10;October;4;27;Sunday;SI
1498;2/11/2024;2024;11;November;4;2;Saturday;SI
1499;27/6/2025;2025;6;June;2;27;Friday;NO
1500;21/2/2024;2024;2;February;1;21;Wednesday;NO
1501;25/1/2023;2023;1;January;1;25;Wednesday;NO
1502;31/5/2024;2024;5;May;2;31;Friday;NO
1503;6/6/2024;2024;6;June;2;6;Thursday;NO
1504;2/5/2021;2021;5;May;2;2;Sunday;SI
1505;19/7/2024;2024;7;July;3;19;Friday;NO
1506;11/10/2025;2025;10;October;4;11;Saturday;SI
1507;23/11/2025;2025;11;November;4;23;Sunday;SI
1508;29/11/2025;2025;11;November;4;29;Saturday;SI
1509;22/1/2021;2021;1;January;1;22;Friday;NO
1510;8/9/2024;2024;9;September;3;8;Sunday;SI
1511;29/5/2022;2022;5;May;2;29;Sunday;SI
1512;22/9/2021;2021;9;September;3;22;Wednesday;NO
1513;9/1/2024;2024;1;January;1;9;Tuesday;NO
1514;5/5/2023;2023;5;May;2;5;Friday;NO
1515;8/4/2022;2022;4;April;2;8;Friday;NO
1516;4/2/2025;2025;2;February;1;4;Tuesday;NO
1517;25/3/2025;2025;3;March;1;25;Tuesday;NO
1518;13/8/2023;2023;8;August;3;13;Sunday;SI
1519;18/2/2022;2022;2;February;1;18;Friday;NO
1520;1/10/2023;2023;10;October;4;1;Sunday;SI
1521;8/8/2024;2024;8;August;3;8;Thursday;NO
1522;28/2/2021;2021;2;February;1;28;Sunday;SI
1523;21/11/2023;2023;11;November;4;21;Tuesday;NO
1524;14/10/2022;2022;10;October;4;14;Friday;NO
1525;26/1/2022;2022;1;January;1;26;Wednesday;NO
1526;18/10/2024;2024;10;October;4;18;Friday;NO
1527;6/7/2025;2025;7;July;3;6;Sunday;SI
1528;11/9/2023;2023;9;September;3;11;Monday;NO
1529;24/12/2022;2022;12;December;4;24;Saturday;SI
1530;5/2/2021;2021;2;February;1;5;Friday;NO
1531;31/8/2024;2024;8;August;3;31;Saturday;SI
1532;3/1/2022;2022;1;January;1;3;Monday;NO
1533;29/7/2025;2025;7;July;3;29;Tuesday;NO
1534;1/12/2022;2022;12;December;4;1;Thursday;NO
1535;13/1/2021;2021;1;January;1;13;Wednesday;NO
1536;29/8/2022;2022;8;August;3;29;Monday;NO
1537;27/7/2023;2023;7;July;3;27;Thursday;NO
1538;1/10/2021;2021;10;October;4;1;Friday;NO
1539;23/6/2024;2024;6;June;2;23;Sunday;SI
1540;21/9/2022;2022;9;September;3;21;Wednesday;NO
1541;19/8/2023;2023;8;August;3;19;Saturday;SI
1542;13/6/2025;2025;6;June;2;13;Friday;NO
1543;24/10/2021;2021;10;October;4;24;Sunday;SI
1544;16/7/2024;2024;7;July;3;16;Tuesday;NO
1545;18/1/2025;2025;1;January;1;18;Saturday;SI
1546;24/1/2025;2025;1;January;1;24;Friday;NO
1547;11/6/2023;2023;6;June;2;11;Sunday;SI
1548;16/8/2021;2021;8;August;3;16;Monday;NO
1549;5/4/2025;2025;4;April;2;5;Saturday;SI
1550;26/3/2023;2023;3;March;1;26;Sunday;SI
1551;31/5/2021;2021;5;May;2;31;Monday;NO
1552;4/7/2023;2023;7;July;3;4;Tuesday;NO
1553;3/3/2023;2023;3;March;1;3;Friday;NO
1554;9/3/2023;2023;3;March;1;9;Thursday;NO
1555;25/5/2024;2024;5;May;2;25;Saturday;SI
1556;8/9/2021;2021;9;September;3;8;Wednesday;NO
1557;28/4/2025;2025;4;April;2;28;Monday;NO
1558;8/5/2021;2021;5;May;2;8;Saturday;SI
1559;31/7/2022;2022;7;July;3;31;Sunday;SI
1560;26/12/2024;2024;12;December;4;26;Thursday;NO
1561;1/1/2025;2025;1;January;1;1;Wednesday;NO
1562;1/7/2021;2021;7;July;3;1;Thursday;NO
1563;8/2/2023;2023;2;February;1;8;Wednesday;NO
1564;15/4/2021;2021;4;April;2;15;Thursday;NO
1565;3/12/2024;2024;12;December;4;3;Tuesday;NO
1566;17/6/2024;2024;6;June;2;17;Monday;NO
1567;26/4/2023;2023;4;April;2;26;Wednesday;NO
1568;23/8/2022;2022;8;August;3;23;Tuesday;NO
1569;16/1/2023;2023;1;January;1;16;Monday;NO
1570;15/9/2022;2022;9;September;3;15;Thursday;NO
1571;24/7/2021;2021;7;July;3;24;Saturday;SI
1572;13/3/2025;2025;3;March;1;13;Thursday;NO
1573;23/3/2021;2021;3;March;1;23;Tuesday;NO
1574;10/11/2024;2024;11;November;4;10;Sunday;SI
1575;10/7/2024;2024;7;July;3;10;Wednesday;NO
1576;19/5/2023;2023;5;May;2;19;Friday;NO
1577;30/12/2022;2022;12;December;4;30;Friday;NO
1578;8/10/2022;2022;10;October;4;8;Saturday;SI
1579;1/2/2022;2022;2;February;1;1;Tuesday;NO
1580;5/9/2023;2023;9;September;3;5;Tuesday;NO
1581;5/1/2021;2021;1;January;1;5;Tuesday;NO
1582;3/12/2021;2021;12;December;4;3;Friday;NO
1583;11/2/2021;2021;2;February;1;11;Thursday;NO
1584;25/8/2024;2024;8;August;3;25;Sunday;SI
1585;4/11/2023;2023;11;November;4;4;Saturday;SI
1586;1/10/2024;2024;10;October;4;1;Tuesday;NO
1587;23/7/2025;2025;7;July;3;23;Wednesday;NO
1588;21/10/2023;2023;10;October;4;21;Saturday;SI
1589;14/2/2023;2023;2;February;1;14;Tuesday;NO
1590;5/3/2025;2025;3;March;1;5;Wednesday;NO
1591;9/4/2021;2021;4;April;2;9;Friday;NO
1592;23/11/2022;2022;11;November;4;23;Wednesday;NO
1593;7/3/2022;2022;3;March;1;7;Monday;NO
1594;19/3/2022;2022;3;March;1;19;Saturday;SI
1595;6/11/2025;2025;11;November;4;6;Thursday;NO
1596;15/3/2024;2024;3;March;1;15;Friday;NO
1597;29/3/2021;2021;3;March;1;29;Monday;NO
1598;10/10/2024;2024;10;October;4;10;Thursday;NO
1599;16/11/2024;2024;11;November;4;16;Saturday;SI
1600;18/4/2023;2023;4;April;2;18;Tuesday;NO
1601;7/9/2025;2025;9;September;3;7;Sunday;SI
1602;12/1/2025;2025;1;January;1;12;Sunday;SI
1603;28/4/2022;2022;4;April;2;28;Thursday;NO
1604;8/5/2024;2024;5;May;2;8;Wednesday;NO
1605;14/5/2024;2024;5;May;2;14;Tuesday;NO
1606;25/5/2021;2021;5;May;2;25;Tuesday;NO
1607;25/2/2023;2023;2;February;1;25;Saturday;SI
1608;2/9/2021;2021;9;September;3;2;Thursday;NO
1609;29/1/2024;2024;1;January;1;29;Monday;NO
1610;6/8/2022;2022;8;August;3;6;Saturday;SI
1611;4/2/2024;2024;2;February;1;4;Sunday;SI
1612;12/8/2022;2022;8;August;3;12;Friday;NO
1613;10/7/2021;2021;7;July;3;10;Saturday;SI
1614;27/2/2025;2025;2;February;1;27;Thursday;NO
1615;21/7/2023;2023;7;July;3;21;Friday;NO
1616;14/11/2022;2022;11;November;4;14;Monday;NO
1617;29/6/2024;2024;6;June;2;29;Saturday;SI
1618;13/3/2022;2022;3;March;1;13;Sunday;SI
1619;14/12/2023;2023;12;December;4;14;Thursday;NO
1620;21/6/2022;2022;6;June;2;21;Tuesday;NO
1621;7/6/2025;2025;6;June;2;7;Saturday;SI
1622;12/4/2023;2023;4;April;2;12;Wednesday;NO
1623;22/11/2024;2024;11;November;4;22;Friday;NO
1624;18/10/2021;2021;10;October;4;18;Monday;NO
1625;19/4/2022;2022;4;April;2;19;Tuesday;NO
1626;20/6/2023;2023;6;June;2;20;Tuesday;NO
1627;2/10/2022;2022;10;October;4;2;Sunday;SI
1628;30/10/2024;2024;10;October;4;30;Wednesday;NO
1629;7/2/2022;2022;2;February;1;7;Monday;NO
1630;30/8/2023;2023;8;August;3;30;Wednesday;NO
1631;12/2/2024;2024;2;February;1;12;Monday;NO
1632;9/1/2025;2025;1;January;1;9;Thursday;NO
1633;1/2/2025;2025;2;February;1;1;Saturday;SI
1634;28/5/2023;2023;5;May;2;28;Sunday;SI
1635;27/11/2021;2021;11;November;4;27;Saturday;SI
1636;17/2/2021;2021;2;February;1;17;Wednesday;NO
1637;12/5/2022;2022;5;May;2;12;Thursday;NO
1638;10/11/2023;2023;11;November;4;10;Friday;NO
1639;15/1/2022;2022;1;January;1;15;Saturday;SI
1640;22/3/2025;2025;3;March;1;22;Saturday;SI
1641;30/6/2022;2022;6;June;2;30;Thursday;NO
1642;9/4/2023;2023;4;April;2;9;Sunday;SI
1643;22/9/2023;2023;9;September;3;22;Friday;NO
1644;25/1/2021;2021;1;January;1;25;Monday;NO
1645;7/7/2021;2021;7;July;3;7;Wednesday;NO
1646;18/10/2023;2023;10;October;4;18;Wednesday;NO
1647;20/11/2022;2022;11;November;4;20;Sunday;SI
1648;2/5/2023;2023;5;May;2;2;Tuesday;NO
1649;9/9/2022;2022;9;September;3;9;Friday;NO
1650;22/8/2024;2024;8;August;3;22;Thursday;NO
1651;30/7/2021;2021;7;July;3;30;Friday;NO
1652;21/4/2024;2024;4;April;2;21;Sunday;SI
1653;28/10/2022;2022;10;October;4;28;Friday;NO
1654;9/6/2024;2024;6;June;2;9;Sunday;SI
1655;20/7/2025;2025;7;July;3;20;Sunday;SI
1656;30/11/2023;2023;11;November;4;30;Thursday;NO
1657;11/4/2025;2025;4;April;2;11;Friday;NO
1658;1/11/2021;2021;11;November;4;1;Monday;NO
1659;30/7/2024;2024;7;July;3;30;Tuesday;NO
1660;10/7/2023;2023;7;July;3;10;Monday;NO
1661;23/12/2023;2023;12;December;4;23;Saturday;SI
1662;4/5/2025;2025;5;May;2;4;Sunday;SI
1663;27/2/2022;2022;2;February;1;27;Sunday;SI
1664;30/3/2022;2022;3;March;1;30;Wednesday;NO
1665;1/4/2024;2024;4;April;2;1;Monday;NO
1666;20/12/2021;2021;12;December;4;20;Monday;NO
1667;7/6/2022;2022;6;June;2;7;Tuesday;NO
1668;2/8/2023;2023;8;August;3;2;Wednesday;NO
1669;12/10/2023;2023;10;October;4;12;Thursday;NO
1670;20/8/2022;2022;8;August;3;20;Saturday;SI
1671;9/3/2024;2024;3;March;1;9;Saturday;SI
1672;27/4/2024;2024;4;April;2;27;Saturday;SI
1673;1/9/2025;2025;9;September;3;1;Monday;NO
1674;14/6/2023;2023;6;June;2;14;Wednesday;NO
1675;24/10/2024;2024;10;October;4;24;Thursday;NO
1676;30/6/2025;2025;6;June;2;30;Monday;NO
1677;18/2/2024;2024;2;February;1;18;Sunday;SI
1678;7/2/2025;2025;2;February;1;7;Friday;NO
1679;18/5/2022;2022;5;May;2;18;Wednesday;NO
1680;9/1/2022;2022;1;January;1;9;Sunday;SI
1681;16/3/2025;2025;3;March;1;16;Sunday;SI
1682;28/9/2023;2023;9;September;3;28;Thursday;NO
1683;7/4/2024;2024;4;April;2;7;Sunday;SI
1684;5/2/2023;2023;2;February;1;5;Sunday;SI
1685;17/9/2024;2024;9;September;3;17;Tuesday;NO
1686;26/12/2021;2021;12;December;4;26;Sunday;SI
1687;1/6/2022;2022;6;June;2;1;Wednesday;NO
1688;21/4/2021;2021;4;April;2;21;Wednesday;NO
1689;12/1/2024;2024;1;January;1;12;Friday;NO
1690;12/12/2024;2024;12;December;4;12;Thursday;NO
1691;23/6/2021;2021;6;June;2;23;Wednesday;NO
1692;22/1/2023;2023;1;January;1;22;Sunday;SI
1693;17/3/2021;2021;3;March;1;17;Wednesday;NO
1694;5/5/2021;2021;5;May;2;5;Wednesday;NO
1695;4/12/2022;2022;12;December;4;4;Sunday;SI
1696;16/12/2022;2022;12;December;4;16;Friday;NO
1697;11/6/2021;2021;6;June;2;11;Friday;NO
1698;14/10/2025;2025;10;October;4;14;Tuesday;NO
1699;2/12/2025;2025;12;December;4;2;Tuesday;NO
1700;3/3/2024;2024;3;March;1;3;Sunday;SI
1701;9/3/2021;2021;3;March;1;9;Tuesday;NO
1702;24/11/2023;2023;11;November;4;24;Friday;NO
1703;20/3/2023;2023;3;March;1;20;Monday;NO
1704;14/7/2022;2022;7;July;3;14;Thursday;NO
1705;20/7/2022;2022;7;July;3;20;Wednesday;NO
1706;7/11/2021;2021;11;November;4;7;Sunday;SI
1707;13/11/2021;2021;11;November;4;13;Saturday;SI
1708;5/4/2022;2022;4;April;2;5;Tuesday;NO
1709;28/6/2023;2023;6;June;2;28;Wednesday;NO
1710;10/8/2023;2023;8;August;3;10;Thursday;NO
1711;16/8/2023;2023;8;August;3;16;Wednesday;NO
1712;15/2/2022;2022;2;February;1;15;Tuesday;NO
1713;21/2/2022;2022;2;February;1;21;Monday;NO
1714;20/12/2024;2024;12;December;4;20;Friday;NO
1715;19/1/2021;2021;1;January;1;19;Tuesday;NO
1716;1/9/2022;2022;9;September;3;1;Thursday;NO
1717;11/9/2024;2024;9;September;3;11;Wednesday;NO
1718;25/9/2021;2021;9;September;3;25;Saturday;SI
1719;6/1/2024;2024;1;January;1;6;Saturday;SI
1720;8/5/2023;2023;5;May;2;8;Monday;NO
1721;15/4/2024;2024;4;April;2;15;Monday;NO
1722;22/10/2022;2022;10;October;4;22;Saturday;SI
1723;3/6/2024;2024;6;June;2;3;Monday;NO
1724;29/4/2021;2021;4;April;2;29;Thursday;NO
1725;8/10/2025;2025;10;October;4;8;Wednesday;NO
1726;10/12/2022;2022;12;December;4;10;Saturday;SI
1727;17/6/2021;2021;6;June;2;17;Thursday;NO
